ingredient,fdc_id,description,data_type,brand_owner,source,nutrient-alanine,nutrient-alcohol,nutrient-alpha-carotene,nutrient-apigenin,nutrient-arginine,nutrient-ash,nutrient-aspartic-acid,nutrient-beta-carotene,nutrient-caffeine,nutrient-calcium,nutrient-calories-energy,nutrient-catechin,nutrient-cholesterol,nutrient-choline,nutrient-copper,nutrient-cryptoxanthin,nutrient-cyanidin,nutrient-cystine,nutrient-delphinidin,nutrient-dietary-fiber,nutrient-epicatechin,nutrient-epicatechin-3-gallate,nutrient-epigallocatechin,nutrient-epigallocatechin-3-gallate,nutrient-eriodictyol,nutrient-fluoride,nutrient-folate-folic-acid,nutrient-gallocatechin,nutrient-glutamic-acid,nutrient-glycemic-index,nutrient-glycemic-load,nutrient-glycine,nutrient-hesperetin,nutrient-histidine,nutrient-inflammation-score,nutrient-iron,nutrient-isoleucine,nutrient-isorhamnetin,nutrient-kaempferol,nutrient-leucine,nutrient-lutein-zeaxanthin,nutrient-luteolin,nutrient-lycopene,nutrient-lysine,nutrient-magnesium,nutrient-malvidin,nutrient-manganese,nutrient-methionine,nutrient-monounsaturated-fat,nutrient-mufa-16-1-palmitoleic,nutrient-mufa-18-1-oleic,nutrient-mufa-20-1,nutrient-mufa-22-1,nutrient-myricetin,nutrient-naringenin,nutrient-net-carbohydrates,nutrient-niacin-b3,nutrient-nutrition-score,nutrient-pelargonidin,nutrient-peonidin,nutrient-percent-calories-from-carbohydrates,nutrient-percent-calories-from-fat,nutrient-percent-calories-from-protein,nutrient-petunidin,nutrient-phenylalanine,nutrient-phosphorus,nutrient-polyunsaturated-fat,nutrient-potassium,nutrient-proline,nutrient-protein,nutrient-pufa-18-2-linoleic,nutrient-pufa-18-3-alpha-linolenic,nutrient-pufa-18-4,nutrient-pufa-20-4-arachidonic,nutrient-pufa-20-5-epa,nutrient-pufa-22-5-dpa,nutrient-pufa-22-6-dha,nutrient-quercetin,nutrient-retinol,nutrient-riboflavin-b2,nutrient-saturated-fat,nutrient-selenium,nutrient-serine,nutrient-sfa-10-0-capric,nutrient-sfa-12-0-lauric,nutrient-sfa-14-0-myristic,nutrient-sfa-16-0-palmitic,nutrient-sfa-18-0-stearic,nutrient-sfa-4-0-butyric,nutrient-sfa-6-0-caproic,nutrient-sfa-8-0-caprylic,nutrient-sodium,nutrient-theaflavin,nutrient-theaflavin-3-3-digallate,nutrient-theaflavin-3-gallate,nutrient-thearubigins,nutrient-theobromine,nutrient-thiamin-b1,nutrient-threonine,nutrient-total-carbohydrates,nutrient-total-fat,nutrient-total-sugars,nutrient-trans-fat,nutrient-tryptophan,nutrient-tyrosine,nutrient-valine,nutrient-vitamin-a-rae,nutrient-vitamin-b12,nutrient-vitamin-b5-pantothenic-acid,nutrient-vitamin-b6,nutrient-vitamin-c-ascorbic-acid,nutrient-vitamin-d,nutrient-vitamin-e-alpha-tocopherol,nutrient-vitamin-k-phylloquinone,nutrient-water,nutrient-zinc
capsicum,2258588,"Peppers, bell, green, raw",Foundation,,search,,,,,,0.2806 g,,,,7.496 mg,19.692148 kcal,,,,0.05775 mg,,,,,0.9419 g,,,,,,,22.21 µg,,,,,,,,,0.1861 mg,,,,,,,,,9.004 mg,,0.09991 mg,,,,,,,,,,0.6363 mg,,,,,,,,,16.75 mg,,163.1 mg,,0.715 g,,,,,,,,,,0.08875 mg,,,,,,,,,,,,,,,,,,0.03906 mg,,4.7781 g,0.1063 g,,,,,,,,,0.2468 mg,99.51 mg,,,,94.12 g,0.1256 mg
red pepper flakes,2258590,"Peppers, bell, red, raw",Foundation,,search,,,,,,0.3956 g,,,,6.361 mg,26.98843175 kcal,,,,0.03983 mg,,,,,1.158 g,,,,,,,47.32 µg,,,,,,,,,0.3533 mg,,,,,,,,,10.98 mg,,0.1328 mg,,,,,,,,,,1.024 mg,,,,,,,,,26.59 mg,,212.7 mg,,0.895625 g,,,,,,,,,,0.1422 mg,,,,,,,,,,,,,,,,,,0.05494 mg,,6.653175 g,0.1256 g,,,,,,,,,0.3027 mg,141.7 mg,,,,91.93 g,0.2023 mg
bay leaves,2747666,"Scallops, bay, Patagonian, frozen, wild caught",Foundation,,search,,,,,,1.48 g,,,,14.03 mg,78.456 kcal,,,,,,,,,,,,,,,,,,,,,,,,,0.1717 mg,,,,,,,,,46.44 mg,,0.0031 mg,,,,,,,,,,,,,,,,,,,229.1 mg,,292.0 mg,,16.3875 g,,,,,,,,,,,,28.37 µg,,,,,,,,,,252.4 mg,,,,,,,,2.2833 g,0.4192 g,,,,,,,0.67 µg,,,,,,,79.43 g,1.025 mg
jasmine rice,2710825,"Rice, black, unenriched, raw",Foundation,,search,,,,,,1.345 g,,,,14.4 mg,360.53871 kcal,,,,0.2095 mg,,,,,4.179 g,,,,,,,,,,,,,,,,1.116 mg,,,,,,,,,113.4 mg,,3.906 mg,,,,,,,,,,8.278 mg,,,,,,,,,306.7 mg,,255.6 mg,,7.56875 g,,,,,,,,,,,,,,,,,,,,,,,,,,,,0.3188 mg,,77.18825 g,3.438 g,,,,,,,,,0.2024 mg,,,,,10.46 g,1.716 mg
basmati rice,2710825,"Rice, black, unenriched, raw",Foundation,,search,,,,,,1.345 g,,,,14.4 mg,360.53871 kcal,,,,0.2095 mg,,,,,4.179 g,,,,,,,,,,,,,,,,1.116 mg,,,,,,,,,113.4 mg,,3.906 mg,,,,,,,,,,8.278 mg,,,,,,,,,306.7 mg,,255.6 mg,,7.56875 g,,,,,,,,,,,,,,,,,,,,,,,,,,,,0.3188 mg,,77.18825 g,3.438 g,,,,,,,,,0.2024 mg,,,,,10.46 g,1.716 mg
green lentils,2727585,"Green onion, (scallion), bulb and greens, root removed, raw",Foundation,,search,,,,,,0.6269 g,,,,59.44 mg,,,,,0.03499 mg,,,,,2.3 g,,,,,,,,,,,,,,,,1.044 mg,,,,,,,,,18.94 mg,,0.2713 mg,,,,,,,,,,,,,,,,,,,27.86 mg,,232.0 mg,,0.66875 g,,,,,,,,,,,,,,,,,,,,,,9.948 mg,,,,,,,,,,2.618 g,,,,,,,,,,,,,91.67 g,0.2484 mg
vanilla bean,2644281,"Beans, cannellini, dry",Foundation,,search,,,,,,4.143 g,,,,142.9 mg,336.59519 kcal,,,,0.7419 mg,,,,,,,,,,,,,,,,,,,,,6.673 mg,,,,,,,,,153.6 mg,,1.784 mg,,,,,,,,,,,,,,,,,,,412.3 mg,,1424.0 mg,,21.5625 g,,,,,,,,,,,,,,,,,,,,,,,,,,,,,,59.7955 g,2.199 g,,,,,,,,,,,,,,12.3 g,2.72 mg
cocoa powder,169593,"Cocoa, dry powder, unsweetened",SR Legacy,,search,0.904 g,,,,1.111 g,5.8 g,1.953 g,,230.0 mg,128.0 mg,952.0 kJ,,,12.0 mg,3.788 mg,,,0.239 g,,37.0 g,,,,,,,,,2.948 g,,,0.879 g,,0.339 g,,13.86 mg,0.76 g,,,1.189 g,38.0 µg,,,0.983 g,499.0 mg,,3.837 mg,0.202 g,4.57 g,,,,,,,,2.185 mg,,,,,,,,0.941 g,734.0 mg,0.44 g,1524.0 mg,0.838 g,19.6 g,,,,,,,,,,0.241 mg,8.07 g,14.3 µg,0.846 g,,,,,,,,,21.0 mg,,,,,2057.0 mg,0.078 mg,0.776 g,57.9 g,13.7 g,1.75 g,,0.293 g,0.735 g,1.177 g,,,0.254 mg,0.118 mg,,,0.1 mg,2.5 µg,3.0 g,6.81 mg
dijon mustard,326698,"Mustard, prepared, yellow",Foundation,,search,0.18 g,,,,0.277 g,3.37 g,0.427 g,,,63.0 mg,254.0 kJ,,,,0.074 mg,27.0 µg,,0.08 g,,4.3 g,,,,,,,7.0 µg,,0.793 g,,,0.25 g,,0.13 g,,1.59 mg,0.16 g,,,0.32 g,115.0 µg,,,0.29 g,47.7 mg,,0.42 mg,0.083 g,2.59 g,,,,,,,,0.561 mg,,,,,,,,0.177 g,108.0 mg,0.903 g,150.0 mg,0.393 g,4.25 g,,,,,,,,,,0.066 mg,0.252 g,34.0 µg,0.223 g,,,,,,,,,1100.0 mg,,,,,,0.189 mg,0.183 g,6.39 g,0.006 g,1.42 g,0.01 g,0.01 g,0.147 g,0.207 g,4.0 µg,,0.263 mg,0.069 mg,0.4 mg,,0.35 mg,1.5 µg,83.7 g,0.64 mg
apple cider vinegar,1750342,"Apples, granny smith, with skin, raw",Foundation,,search,,,,,,0.3139 g,,,,5.483 mg,52.958085 kcal,,,,0.03544 mg,,,,,2.514 g,,,,,,,,,,,,,,,,0.06963 mg,,,,,,,,,5.055 mg,,0.03934 mg,,,,,,,,,,0.11 mg,,,,,,,,,9.859 mg,,115.9 mg,,0.265625 g,,,,,,,,,,0.075 mg,,,,,,,,,,,,,,,,,,0.01688 mg,,13.164 g,0.1375 g,10.65 g,,,,,,,,0.02788 mg,,,,,85.14 g,0.02276 mg
white vinegar,172241,"Vinegar, balsamic",SR Legacy,,search,,,,,,0.37 g,,,,27.0 mg,369.0 kJ,,,,0.026 mg,,,,,,,,,,,,,,,,,,,,,0.72 mg,,,,,,,,,12.0 mg,,0.131 mg,,,,,,,,,,,,,,,,,,,19.0 mg,,112.0 mg,,0.49 g,,,,,,,,,,,,,,,,,,,,,,23.0 mg,,,,,,,,17.03 g,,14.95 g,,,,,,,,,,,,,76.45 g,0.08 mg
rice vinegar,2710825,"Rice, black, unenriched, raw",Foundation,,search,,,,,,1.345 g,,,,14.4 mg,360.53871 kcal,,,,0.2095 mg,,,,,4.179 g,,,,,,,,,,,,,,,,1.116 mg,,,,,,,,,113.4 mg,,3.906 mg,,,,,,,,,,8.278 mg,,,,,,,,,306.7 mg,,255.6 mg,,7.56875 g,,,,,,,,,,,,,,,,,,,,,,,,,,,,0.3188 mg,,77.18825 g,3.438 g,,,,,,,,,0.2024 mg,,,,,10.46 g,1.716 mg
bone broth,746763,"Beef, short loin, t-bone steak, bone-in, separable lean only, trimmed to 1/8"" fat, choice, cooked, grilled",Foundation,,search,,,,,,1.02 g,,,,19.0 mg,918.0 kJ,,80.0 mg,,0.078 mg,,,,,,,,,,,,,,,,,,,,,3.53 mg,,,,,,,,,20.0 mg,,0.003 mg,,4.67 g,,,,,,,,6.37 mg,,,,,,,,,211.0 mg,0.514 g,283.0 mg,,27.3 g,,,,,,,,,,0.27 mg,4.68 g,29.7 µg,,,,,,,,,,67.0 mg,,,,,,,,,0.06 g,,0.594 g,,,,,1.88 µg,,0.753 mg,,,,,60.3 g,4.69 mg
prosciutto,746952,"Ham, sliced, restaurant",Foundation,,search,,,,,,3.63 g,,,,6.0 mg,507.0 kJ,,,,0.041 mg,,,,,,,,,,,,,,,,,,,,,0.86 mg,,,,,,,,,20.3 mg,,0.015 mg,,1.6 g,,,,,,,,,,,,,,,,,246.0 mg,0.675 g,484.0 mg,,19.6 g,,,,,,,,,,,1.25 g,,,,,,,,,,,1030.0 mg,,,,,,,,2.36 g,,2.2 g,0.017 g,,,,,,,,,,,,70.7 g,1.76 mg
pancetta,2514745,"Pork, ground, raw",Foundation,,search,,,,,,0.9243 g,,,,5.857 mg,233.442059 kcal,,71.16 mg,,0.0666 mg,,,,,,,,,,,,,,,,,,,,,0.7876 mg,,,,,,,,,19.03 mg,,,,7.777 g,,,,,,,,,,,,,,,,,173.3 mg,2.553 g,317.7 mg,,17.80625 g,,,,,,,,,,,6.283 g,,,,,,,,,,,53.63 mg,,,,,,,,,17.49 g,,0.066 g,,,,,,,,,,,,63.87 g,2.226 mg
prawns,2684443,"Crustaceans, shrimp, farm raised, raw",Foundation,,search,,,,,,1.865 g,,,,64.63 mg,75.699433 kcal,,136.0 mg,,0.2084 mg,,,,,,,,,,,,,,,,,,,,,0.5223 mg,,,,,,,,,22.53 mg,,0.02866 mg,,,,,,,,,,,,,,,,,,,190.6 mg,,145.9 mg,,15.56875 g,,,,,,,,,0.6478 µg,,,19.48 µg,,,,,,,,,,474.9 mg,,,,,,,,0.48495 g,0.8013 g,,,,,,,0.9963 µg,,,,,,,81.28 g,0.9368 mg
seitan,790085,"Flour, whole wheat, unenriched",Foundation,,search,,,,,,1.56 g,,,,38.0 mg,1550.0 kJ,,,,0.452 mg,,,,,10.6 g,,,,,,,39.0 µg,,,,,,,,,3.86 mg,,,,,,,,,136.0 mg,,3.56 mg,,,,,,,,,,5.55 mg,,,,,,,,,352.0 mg,,376.0 mg,,15.1 g,,,,,,,,,,0.128 mg,,23.6 µg,,,,,,,,,,3.0 mg,,,,,,0.504 mg,,71.2 g,2.73 g,,,,,,,,,0.268 mg,,,,,9.44 g,3.24 mg
lasagna noodles,169731,"Noodles, egg, dry, enriched",SR Legacy,,search,0.516 g,,,,0.6 g,1.12 g,0.762 g,,,35.0 mg,1609.0 kJ,,84.0 mg,78.7 mg,0.297 mg,1.0 µg,,0.299 g,,3.3 g,,,,,,,201.0 µg,,4.58 g,,,0.496 g,,0.378 g,,4.01 mg,0.593 g,,,1.139 g,110.0 µg,,,0.429 g,58.0 mg,,0.855 mg,0.268 g,1.252 g,,,,,,,,8.387 mg,,,,,,,,0.748 g,241.0 mg,1.331 g,244.0 mg,1.544 g,14.16 g,,,,,,,,,17.0 µg,0.426 mg,1.18 g,78.8 µg,0.803 g,,,,,,,,,21.0 mg,,,,,,1.133 mg,0.43 g,71.27 g,4.44 g,1.88 g,0.061 g,0.133 g,0.293 g,0.686 g,17.0 µg,0.29 µg,0.912 mg,0.216 mg,,0.3 µg,0.37 mg,0.5 µg,9.01 g,1.92 mg
soba noodles,169732,"Noodles, egg, enriched, cooked",SR Legacy,,search,0.165 g,,,,0.192 g,0.5 g,0.244 g,,,12.0 mg,578.0 kJ,,29.0 mg,25.7 mg,0.098 mg,,,0.096 g,,1.2 g,,,,,,6.0 µg,77.0 µg,,1.468 g,,,0.159 g,,0.121 g,,1.47 mg,0.19 g,,,0.365 g,38.0 µg,,,0.137 g,21.0 mg,,0.315 mg,0.086 g,0.581 g,,,,,,,,2.077 mg,,,,,,,,0.24 g,76.0 mg,0.552 g,38.0 mg,0.495 g,4.54 g,,,,,,,,,6.0 µg,0.136 mg,0.419 g,23.9 µg,0.257 g,,,,,,,,,5.0 mg,,,,,,0.289 mg,0.138 g,25.16 g,2.07 g,0.4 g,0.029 g,0.043 g,0.094 g,0.22 g,6.0 µg,0.09 µg,0.263 mg,0.046 mg,,0.1 µg,0.17 mg,,67.73 g,0.65 mg
udon noodles,168905,"Noodles, chinese, chow mein",SR Legacy,,search,,,,,,2.66 g,,,,,1973.0 kJ,,,9.0 mg,0.124 mg,,,,,6.7 g,,,,,,,90.0 µg,,,,,,,,,6.43 mg,,,,,14.0 µg,,,,19.0 mg,,0.577 mg,,8.929 g,,,,,,,,4.717 mg,,,,,,,,,98.0 mg,3.571 g,103.0 mg,,10.88 g,,,,,,,,,,0.397 mg,6.738 g,28.5 µg,,,,,,,,,,866.0 mg,,,,,,0.567 mg,,63.64 g,21.24 g,,,,,,,,,0.043 mg,,,0.83 mg,5.3 µg,1.58 g,0.81 mg
baguette,325871,"Bread, white, commercially prepared",Foundation,,search,,,,,,2.1 g,,,,211.0 mg,1130.0 kJ,,,,0.124 mg,,,,,2.3 g,,,,,,,,,,,,,,,,3.36 mg,,,,,,,,,26.9 mg,,0.632 mg,,0.717 g,,,,,,,,4.76 mg,,,,,,,,,113.0 mg,1.87 g,117.0 mg,,9.43 g,,,,,,,,,,0.24 mg,0.821 g,23.2 µg,,,,,,,,,,477.0 mg,,,,,,0.507 mg,,44.8 g,0.007 g,5.34 g,0.035 g,,,,,,0.548 mg,0.092 mg,,,,,35.7 g,0.88 mg
xanthan gum,169045,"Gums, seed gums (includes locust bean, guar)",SR Legacy,,search,,,,,,2.6 g,,,,294.0 mg,1390.0 kJ,,,,,,,,,77.3 g,,,,,,,,,,,,,,,,,,,,,,,,,,,,,0.22 g,,,,,,,,,,,,,,,,,,0.07 g,,,4.6 g,,,,,,,,,,,0.06 g,,,,,,,,,,,125.0 mg,,,,,,,,77.3 g,0.5 g,,,,,,,,,,,,,,15.0 g,
psyllium husk,2515380,"Seeds, pumpkin seeds (pepitas), raw",Foundation,,search,,,,,,4.766 g,,,,37.38 mg,514.83917 kcal,,,,1.225 mg,,,,,5.079 g,,,,,,,,,,,,,,,,8.363 mg,,,,,,,,,499.7 mg,,4.121 mg,,,,,,,,,,,,,,,,,,,1150 mg,,691.2 mg,,29.9079 g,,,,,,,,,,,,20.52 µg,,,,,,,,,,,,,,,,,,18.6751 g,40.03 g,,,,,,,,,,,,,,6.621 g,6.341 mg
miso paste,172442,Miso,SR Legacy,,search,0.5 g,,,,0.784 g,12.81 g,1.171 g,,,57.0 mg,828.0 kJ,,,72.2 mg,0.42 mg,,,,,5.4 g,,,,,,,,,1.915 g,,,0.447 g,,0.243 g,,2.49 mg,0.508 g,,,0.82 g,,,,0.478 g,48.0 mg,,0.859 mg,0.129 g,1.118 g,,,,,,,,0.906 mg,,,,,,,,0.486 g,159.0 mg,2.884 g,210.0 mg,0.619 g,12.79 g,,,,,,,,,,0.233 mg,1.025 g,7.0 µg,0.601 g,,,,,,,,,3728.0 mg,,,,,,0.098 mg,0.479 g,25.37 g,6.01 g,6.2 g,,0.155 g,0.352 g,0.547 g,4.0 µg,0.08 µg,0.337 mg,0.199 mg,,,0.01 mg,29.3 µg,43.02 g,2.56 mg
gochujang,2685580,"Tomato, paste, canned, without salt added",Foundation,,search,,,,,,2.915 g,,,,36.85 mg,88.53450625 kcal,,,,0.295 mg,,,,,4.704 g,,,,,,,,,,,,,,,,3.185 mg,,,,,,,,,49.61 mg,,0.3315 mg,,,,,,,,,,,,,,,,,,,91.16 mg,,971.6 mg,,4.234375 g,,,,,,,,,,,,,,,,,,,,,,61.15 mg,,,,,,,,20.188125 g,0.7325 g,11.693 g,,,,,,,,,18.4 mg,,,,71.93 g,0.5113 mg
harissa,2685580,"Tomato, paste, canned, without salt added",Foundation,,search,,,,,,2.915 g,,,,36.85 mg,88.53450625 kcal,,,,0.295 mg,,,,,4.704 g,,,,,,,,,,,,,,,,3.185 mg,,,,,,,,,49.61 mg,,0.3315 mg,,,,,,,,,,,,,,,,,,,91.16 mg,,971.6 mg,,4.234375 g,,,,,,,,,,,,,,,,,,,,,,61.15 mg,,,,,,,,20.188125 g,0.7325 g,11.693 g,,,,,,,,,18.4 mg,,,,71.93 g,0.5113 mg
ponzu sauce,746777,"Sauce, salsa, ready-to-serve",Foundation,,search,,,,,,2.3 g,,,,28.0 mg,122.0 kJ,,,,0.065 mg,,,,,1.8 g,,,,,,,,,,,,,,,,0.42 mg,,,,,211.0 µg,,6310.0 µg,,15.2 mg,,0.11 mg,,,,,,,,,,1.12 mg,,,,,,,,,32.0 mg,,258.0 mg,,1.44 g,,,,,,,,,,,,,,,,,,,,,,656.0 mg,,,,,,0.035 mg,,5.66 g,0.19 g,3.81 g,,,,,24.0 µg,,0.202 mg,0.176 mg,,,1.22 mg,4.2 µg,89.3 g,0.2 mg
mirin,172240,"Vinegar, red wine",SR Legacy,,search,,,,,,0.17 g,,,,6.0 mg,79.0 kJ,,,,0.01 mg,,,,,,,,,,,,,,,,,,,,,0.45 mg,,,,,,,,,4.0 mg,,0.046 mg,,,,,,,,,,,,,,,,,,,8.0 mg,,39.0 mg,,0.04 g,,,,,,,,,,,,,,,,,,,,,,8.0 mg,,,,,,,,0.27 g,,,,,,,,,,,0.5 mg,,,,94.47 g,0.03 mg
rice wine,173161,Rice crackers,SR Legacy,,search,,,,,,2.24 g,,,,,1739.0 kJ,,,33.4 mg,0.301 mg,,,,,,,,,,,,,,,,,,,,,,,,,,,,,,156.0 mg,,4.071 mg,,3.021 g,,,,,,,,5.537 mg,,,,,,,,,362.0 mg,1.641 g,243.0 mg,,10.0 g,,,,,,,,,,0.101 mg,,25.5 µg,,,,,,,,,,233.0 mg,,,,,,0.436 mg,,82.64 g,5.0 g,,0.002 g,,,,,,1.624 mg,0.554 mg,,,1.26 mg,2.1 µg,0.11 g,2.2 mg
tzatziki,746777,"Sauce, salsa, ready-to-serve",Foundation,,search,,,,,,2.3 g,,,,28.0 mg,122.0 kJ,,,,0.065 mg,,,,,1.8 g,,,,,,,,,,,,,,,,0.42 mg,,,,,211.0 µg,,6310.0 µg,,15.2 mg,,0.11 mg,,,,,,,,,,1.12 mg,,,,,,,,,32.0 mg,,258.0 mg,,1.44 g,,,,,,,,,,,,,,,,,,,,,,656.0 mg,,,,,,0.035 mg,,5.66 g,0.19 g,3.81 g,,,,,24.0 µg,,0.202 mg,0.176 mg,,,1.22 mg,4.2 µg,89.3 g,0.2 mg
guacamole,326698,"Mustard, prepared, yellow",Foundation,,search,0.18 g,,,,0.277 g,3.37 g,0.427 g,,,63.0 mg,254.0 kJ,,,,0.074 mg,27.0 µg,,0.08 g,,4.3 g,,,,,,,7.0 µg,,0.793 g,,,0.25 g,,0.13 g,,1.59 mg,0.16 g,,,0.32 g,115.0 µg,,,0.29 g,47.7 mg,,0.42 mg,0.083 g,2.59 g,,,,,,,,0.561 mg,,,,,,,,0.177 g,108.0 mg,0.903 g,150.0 mg,0.393 g,4.25 g,,,,,,,,,,0.066 mg,0.252 g,34.0 µg,0.223 g,,,,,,,,,1100.0 mg,,,,,,0.189 mg,0.183 g,6.39 g,0.006 g,1.42 g,0.01 g,0.01 g,0.147 g,0.207 g,4.0 µg,,0.263 mg,0.069 mg,0.4 mg,,0.35 mg,1.5 µg,83.7 g,0.64 mg
chutney,326698,"Mustard, prepared, yellow",Foundation,,search,0.18 g,,,,0.277 g,3.37 g,0.427 g,,,63.0 mg,254.0 kJ,,,,0.074 mg,27.0 µg,,0.08 g,,4.3 g,,,,,,,7.0 µg,,0.793 g,,,0.25 g,,0.13 g,,1.59 mg,0.16 g,,,0.32 g,115.0 µg,,,0.29 g,47.7 mg,,0.42 mg,0.083 g,2.59 g,,,,,,,,0.561 mg,,,,,,,,0.177 g,108.0 mg,0.903 g,150.0 mg,0.393 g,4.25 g,,,,,,,,,,0.066 mg,0.252 g,34.0 µg,0.223 g,,,,,,,,,1100.0 mg,,,,,,0.189 mg,0.183 g,6.39 g,0.006 g,1.42 g,0.01 g,0.01 g,0.147 g,0.207 g,4.0 µg,,0.263 mg,0.069 mg,0.4 mg,,0.35 mg,1.5 µg,83.7 g,0.64 mg
brandy,172237,"Vinegar, distilled",SR Legacy,,search,,,,,,0.02 g,,,,6.0 mg,76.0 kJ,,,,0.006 mg,,,,,,,,,,,,,,,,,,,,,0.03 mg,,,,,,,,,1.0 mg,,0.055 mg,,,,,,,,,,,,,,,,,,,4.0 mg,,2.0 mg,,,,,,,,,,,,,,0.5 µg,,,,,,,,,,2.0 mg,,,,,,,,0.04 g,,0.04 g,,,,,,,,,,,,,94.78 g,0.01 mg
bourbon,173164,"Alcoholic beverage, whiskey sour, prepared with water, whiskey and powder mix",SR Legacy,,search,,14.6 g,,,,0.27 g,,,,46.0 mg,684.0 kJ,,,,0.034 mg,,,,,,,,,,,,,,,,,,,,,0.08 mg,,,,,,,,,3.0 mg,,0.007 mg,,0.001 g,,,,,,,,0.005 mg,,,,,,,,,4.0 mg,0.006 g,4.0 mg,,0.1 g,,,,,,,,,,0.002 mg,0.003 g,0.1 µg,,,,,,,,,,47.0 mg,,,,,,0.003 mg,,15.85 g,0.02 g,15.81 g,,,,,,,0.01 mg,,0.4 mg,,,,69.15 g,0.04 mg
sherry,172240,"Vinegar, red wine",SR Legacy,,search,,,,,,0.17 g,,,,6.0 mg,79.0 kJ,,,,0.01 mg,,,,,,,,,,,,,,,,,,,,,0.45 mg,,,,,,,,,4.0 mg,,0.046 mg,,,,,,,,,,,,,,,,,,,8.0 mg,,39.0 mg,,0.04 g,,,,,,,,,,,,,,,,,,,,,,8.0 mg,,,,,,,,0.27 g,,,,,,,,,,,0.5 mg,,,,94.47 g,0.03 mg
sorbet,746764,"Carrots, frozen, unprepared",Foundation,,search,0.075 g,,,,0.06 g,0.72 g,0.112 g,,,33.0 mg,153.0 kJ,,,,0.08 mg,,,0.048 g,,1.9 g,,,,,,,7.0 µg,,0.196 g,,,0.031 g,,0.03 g,,0.43 mg,0.052 g,,,0.066 g,,,,0.075 g,10.8 mg,,0.143 mg,0.015 g,,,,,,,,,0.465 mg,,,,,,,,0.042 g,31.0 mg,0.163 g,210.0 mg,0.034 g,0.81 g,,,,,,,,,,0.047 mg,,,0.033 g,,,,,,,,,66.0 mg,,,,,,0.039 mg,0.127 g,7.79 g,0.33 g,4.2 g,,0.007 g,0.031 g,0.047 g,,,0.196 mg,0.088 mg,2.2 mg,,0.69 mg,15.0 µg,90.1 g,0.28 mg
dried banana chips,173945,"Bananas, dehydrated, or banana powder",SR Legacy,,search,0.222 g,,,,0.176 g,3.02 g,0.503 g,,,22.0 mg,1448.0 kJ,,,19.6 mg,0.391 mg,,,0.063 g,,9.9 g,,,,,,,,,0.399 g,,,0.19 g,,0.333 g,,1.15 mg,0.167 g,,,0.359 g,84.0 µg,,,0.162 g,108.0 mg,,0.574 mg,0.074 g,0.153 g,,,,,,,,2.8 mg,,,,,,,,0.201 g,74.0 mg,0.337 g,1491.0 mg,0.229 g,3.89 g,,,,,,,,,,0.24 mg,0.698 g,3.9 µg,0.226 g,,,,,,,,,3.0 mg,,,,,,0.18 mg,0.171 g,88.28 g,1.81 g,47.3 g,,,0.121 g,0.282 g,12.0 µg,,,0.44 mg,7.0 mg,,0.39 mg,2.0 µg,3.0 g,0.61 mg
crystallized ginger,169231,"Ginger root, raw",SR Legacy,,search,0.031 g,,,,0.043 g,0.77 g,0.208 g,,,16.0 mg,333.0 kJ,,,28.8 mg,0.226 mg,,,0.008 g,,2.0 g,,,,,,,,,0.162 g,,,0.043 g,,0.03 g,,0.6 mg,0.051 g,,,0.074 g,,,,0.057 g,43.0 mg,,0.229 mg,0.013 g,0.154 g,,,,,,,,0.75 mg,,,,,,,,0.045 g,34.0 mg,0.154 g,415.0 mg,0.041 g,1.82 g,,,,,,,,,,0.034 mg,0.203 g,0.7 µg,0.045 g,,,,,,,,,13.0 mg,,,,,,0.025 mg,0.036 g,17.77 g,0.75 g,1.7 g,,0.012 g,0.02 g,0.073 g,,,0.203 mg,0.16 mg,5.0 mg,,0.26 mg,0.1 µg,78.89 g,0.34 mg
nutritional yeast,167717,Yeast extract spread,SR Legacy,,search,,,,,,13.9 g,,,,67.0 mg,775.0 kJ,,,65.1 mg,0.245 mg,,,,,6.5 g,,,,,,,2993.0 µg,,,,,,,,,4.04 mg,,,,,,,,,180.0 mg,,0.261 mg,,,,,,,,,,127.5 mg,,,,,,,,,104.0 mg,,2100.0 mg,,23.88 g,,,,,,,,,,17.5 mg,,27.6 µg,,,,,,,,,,3380.0 mg,,,,,,23.375 mg,,20.42 g,0.9 g,1.6 g,,,,,,0.5 µg,4.6 mg,,,,,,40.9 g,4.19 mg
brewer's yeast,167717,Yeast extract spread,SR Legacy,,search,,,,,,13.9 g,,,,67.0 mg,775.0 kJ,,,65.1 mg,0.245 mg,,,,,6.5 g,,,,,,,2993.0 µg,,,,,,,,,4.04 mg,,,,,,,,,180.0 mg,,0.261 mg,,,,,,,,,,127.5 mg,,,,,,,,,104.0 mg,,2100.0 mg,,23.88 g,,,,,,,,,,17.5 mg,,27.6 µg,,,,,,,,,,3380.0 mg,,,,,,23.375 mg,,20.42 g,0.9 g,1.6 g,,,,,,0.5 µg,4.6 mg,,,,,,40.9 g,4.19 mg
chlorella,323793,"Egg, white, dried",Foundation,,search,,,,,,5.47 g,,,,104.0 mg,1570.0 kJ,,17.0 mg,,,,,,,,,,,,,,,,,,,,,,,,,,,,,,,,87.6 mg,,,,,,,,,,,,,,,,,,,,,107.0 mg,,959.0 mg,,79.9 g,,,,,,,,,,,,,,,,,,,,,,1250.0 mg,,,,,,,,6.02 g,0.65 g,,,,,,,,,,,,,,7.98 g,0.43 mg
collard greens,2685574,"Collards, raw",Foundation,,search,,,,,,1.729 g,,,,276.4 mg,38.7580825 kcal,,,,0.1112 mg,,,,,3.816 g,,,,,,,168 µg,,,,,,,,,0.7505 mg,,,,,,,,,49.51 mg,,0.8716 mg,,,,,,,,,,,,,,,,,,,45.01 mg,,409.8 mg,,2.96875 g,,,,,,,,,,,,,,,,,,,,,,18.41 mg,,,,,,,,7.02225 g,0.77 g,,,,,,,,,,89.4 mg,,,,87.51 g,0.4594 mg
belgian endive,168412,"Endive, raw",SR Legacy,,search,0.062 g,,,,0.062 g,1.41 g,0.13 g,,,52.0 mg,71.0 kJ,,,16.8 mg,0.099 mg,,,0.01 g,,3.1 g,,,,,,,,,0.166 g,,,0.058 g,,0.023 g,,0.83 mg,0.072 g,,,0.098 g,,,,0.063 g,15.0 mg,,0.42 mg,0.014 g,0.004 g,,,,,,,,0.4 mg,,,,,,,,0.053 g,28.0 mg,0.087 g,314.0 mg,0.059 g,1.25 g,,,,,,,,,,0.075 mg,0.048 g,0.2 µg,0.049 g,,,,,,,,,22.0 mg,,,,,,0.08 mg,0.05 g,3.35 g,0.2 g,0.25 g,,0.005 g,0.04 g,0.063 g,108.0 µg,,0.9 mg,0.02 mg,6.5 mg,,0.44 mg,231.0 µg,93.79 g,0.79 mg
daikon,2747665,"Radishes, red, raw",Foundation,,search,,,,,,0.5238 g,,,,21.51 mg,19.60045 kcal,,,,0.001663 mg,,,,,1.314 g,,,,,,,63.2 µg,,,,,,,,,,,,,,,,,,8.944 mg,,0.07019 mg,,,,,,,,,,,,,,,,,,,17.91 mg,,197.8 mg,,0.65625 g,,,,,,,,,,,,,,,,,,,,,,51.16 mg,,,,,,,,4.05682 g,0.08313 g,2.644 g,,,,,,,,,17.76 mg,,,,94.68 g,0.1039 mg
water chestnuts,169301,"Water convolvulus,raw",SR Legacy,,search,0.109 g,,,,0.148 g,1.6 g,0.65 g,,,77.0 mg,80.0 kJ,,,,0.023 mg,,,0.028 g,,2.1 g,,,,,,,,,0.252 g,,,0.099 g,,0.047 g,,1.67 mg,0.104 g,,,0.146 g,,,,0.109 g,71.0 mg,,0.16 mg,0.044 g,,,,,,,,,0.9 mg,,,,,,,,0.127 g,39.0 mg,,312.0 mg,0.088 g,2.6 g,,,,,,,,,,0.1 mg,,0.9 µg,0.122 g,,,,,,,,,113.0 mg,,,,,,0.03 mg,0.14 g,3.13 g,0.2 g,,,,0.08 g,0.135 g,315.0 µg,,0.141 mg,0.096 mg,55.0 mg,,,,92.47 g,0.18 mg
bamboo shoots,169210,"Bamboo shoots, raw",SR Legacy,,search,0.124 g,,,,0.097 g,0.9 g,0.425 g,,,13.0 mg,115.0 kJ,,,,0.19 mg,,,0.022 g,,2.2 g,,,,,,,,,0.248 g,,,0.087 g,,0.042 g,,0.5 mg,0.088 g,,,0.14 g,,,,0.134 g,3.0 mg,,0.262 mg,0.03 g,0.007 g,,,,,,,,0.6 mg,,,,,,,,0.09 g,59.0 mg,0.134 g,533.0 mg,0.219 g,2.6 g,,,,,,,,,,0.07 mg,0.069 g,0.8 µg,0.127 g,,,,,,,,,4.0 mg,,,,,,0.15 mg,0.086 g,5.2 g,0.3 g,3.0 g,,0.027 g,,0.106 g,1.0 µg,,0.161 mg,0.24 mg,4.0 mg,,1.0 mg,,91.0 g,1.1 mg
snow peas,2747670,"Snow crab, legs only, frozen  ",Foundation,,search,,,,,,2.722 g,,,,97.8 mg,69.223 kcal,,,,0.6088 mg,,,,,,,,,,,,,,,,,,,,,0.2756 mg,,,,,,,,,58.37 mg,,0.02053 mg,,,,,,,,,,,,,,,,,,,162.0 mg,,192.9 mg,,15.5375 g,,,,,,,,,,,,60.03 µg,,,,,,,,,,728.5 mg,,,,,,,,1.1063 g,0.2942 g,,,,,,,2.22 µg,,,,,,,80.34 g,3.369 mg
sugar snap peas,2644291,"Peas, green, sweet, canned, sodium added, sugar added, drained and rinsed",Foundation,,search,,,,,,0.875 g,,,,28.21 mg,77.798925 kcal,,,,0.1233 mg,,,,,5.95 g,,,,,,,,,,,,,,,,1.139 mg,,,,,,,,,21.91 mg,,0.2849 mg,,,,,,,,,,,,,,,,,,,77.74 mg,,109.2 mg,,4.734375 g,,,,,,,,,,,,,,,,,,,,,,207.4 mg,,,,,,,,12.707625 g,1.153 g,,,,,,,,,,,,,,80.53 g,0.712 mg
pattypan squash,2685571,"Squash, winter, acorn, raw",Foundation,,search,,,,,,0.8675 g,,,,24.82 mg,41.991125 kcal,,,,0.08685 mg,,,,,2.635 g,,,,,,,50 µg,,,,,,,,,0.3078 mg,,,,,,,,,23.75 mg,,0.1871 mg,,,,,,,,,,,,,,,,,,,42.04 mg,,332.1 mg,,1.25 g,,,,,,,,,,,,,,,,,,,,,,,,,,,,,,10.48 g,0.1825 g,,,,,,,,,,7 mg,,,,87.22 g,0.2935 mg
portobello mushrooms,2003598,"Mushroom, portabella",Foundation,,search,,,,,,0.8 g,,,,3.235 mg,26.024813 kcal,,,,0.2033 mg,,,,,1.879 g,,,,,,,,,,,,,,0.562 g,,0.139 mg,1.013 g,,,1.632 g,,,,1.464 g,9.037 mg,,0.04873 mg,0.347 g,,,,,,,,,3.898 mg,,,,,,,,1.024 g,87.48 mg,,349.3 mg,,2.75 g,,,,,,,,,,0.465 mg,,14.67 µg,,,,,,,,,,5.312 mg,,,,,,0.005167 mg,1.214 g,4.6583 g,0.3117 g,,,0.407 g,,2.16 g,,,,0.09692 mg,,,,,91.48 g,0.3888 mg
cremini mushrooms,2003603,"Mushroom, beech",Foundation,,search,,,,,,0.7613 g,,,,0.4325 mg,32.995442 kcal,,,,0.07302 mg,,,,,3.139 g,,,,,,,,,,,,,,0.429 g,,0.7388 mg,0.651 g,,,1.084 g,,,,1.029 g,10.49 mg,,0.156 mg,0.196 g,,,,,,,,,6.4 mg,,,,,,,,0.671 g,85.9 mg,,375.9 mg,,2.18 g,,,,,,,,,,0.2075 mg,,0.38 µg,,,,,,,,,,0.8913 mg,,,,,,0.007875 mg,0.826 g,6.7593 g,0.4494 g,,,0.299 g,,1.286 g,,,,0.1054 mg,,0.37 µg,,,89.85 g,0.4978 mg
black olives,332791,"Olives, green, Manzanilla, stuffed with pimiento",Foundation,,search,,,,,,4.29 g,,,,121.0 mg,543.0 kJ,,,1.6 mg,0.107 mg,48.0 µg,,,,4.0 g,,,,,,,,,,,,,,,,0.31 mg,,,,,340.0 µg,,,,12.4 mg,,0.047 mg,,8.86 g,,,,,,,,0.103 mg,,,,,,,,,7.0 mg,0.661 g,43.0 mg,,1.15 g,,,,,,,,,,,2.3 g,,,,,,,,,,,1620.0 mg,,,,,,0.041 mg,,4.32 g,,,,,,,25.0 µg,,,,,,3.78 mg,16.6 µg,76.7 g,0.09 mg
kalamata olives,332791,"Olives, green, Manzanilla, stuffed with pimiento",Foundation,,search,,,,,,4.29 g,,,,121.0 mg,543.0 kJ,,,1.6 mg,0.107 mg,48.0 µg,,,,4.0 g,,,,,,,,,,,,,,,,0.31 mg,,,,,340.0 µg,,,,12.4 mg,,0.047 mg,,8.86 g,,,,,,,,0.103 mg,,,,,,,,,7.0 mg,0.661 g,43.0 mg,,1.15 g,,,,,,,,,,,2.3 g,,,,,,,,,,,1620.0 mg,,,,,,0.041 mg,,4.32 g,,,,,,,25.0 µg,,,,,,3.78 mg,16.6 µg,76.7 g,0.09 mg
castelvetrano olives,332791,"Olives, green, Manzanilla, stuffed with pimiento",Foundation,,search,,,,,,4.29 g,,,,121.0 mg,543.0 kJ,,,1.6 mg,0.107 mg,48.0 µg,,,,4.0 g,,,,,,,,,,,,,,,,0.31 mg,,,,,340.0 µg,,,,12.4 mg,,0.047 mg,,8.86 g,,,,,,,,0.103 mg,,,,,,,,,7.0 mg,0.661 g,43.0 mg,,1.15 g,,,,,,,,,,,2.3 g,,,,,,,,,,,1620.0 mg,,,,,,0.041 mg,,4.32 g,,,,,,,25.0 µg,,,,,,3.78 mg,16.6 µg,76.7 g,0.09 mg
cherry tomatoes,321360,"Tomatoes, grape, raw",Foundation,,search,,,,,,0.56 g,,,,11.0 mg,113.0 kJ,,,9.8 mg,0.058 mg,,,,,2.1 g,,,,,,,10.0 µg,,,,,,,,,0.33 mg,,,,,,,4100.0 µg,,11.9 mg,,0.121 mg,,,,,,,,,,0.805 mg,,,,,,,,,28.0 mg,,260.0 mg,,0.83 g,,,,,,,,,,0.065 mg,,,,,,,,,,,,6.0 mg,,,,,,0.075 mg,,5.51 g,0.63 g,,,,,,,,,0.06 mg,27.2 mg,,0.98 mg,4.2 µg,92.5 g,0.2 mg
roma tomatoes,321360,"Tomatoes, grape, raw",Foundation,,search,,,,,,0.56 g,,,,11.0 mg,113.0 kJ,,,9.8 mg,0.058 mg,,,,,2.1 g,,,,,,,10.0 µg,,,,,,,,,0.33 mg,,,,,,,4100.0 µg,,11.9 mg,,0.121 mg,,,,,,,,,,0.805 mg,,,,,,,,,28.0 mg,,260.0 mg,,0.83 g,,,,,,,,,,0.065 mg,,,,,,,,,,,,6.0 mg,,,,,,0.075 mg,,5.51 g,0.63 g,,,,,,,,,0.06 mg,27.2 mg,,0.98 mg,4.2 µg,92.5 g,0.2 mg
beefsteak tomatoes,321360,"Tomatoes, grape, raw",Foundation,,search,,,,,,0.56 g,,,,11.0 mg,113.0 kJ,,,9.8 mg,0.058 mg,,,,,2.1 g,,,,,,,10.0 µg,,,,,,,,,0.33 mg,,,,,,,4100.0 µg,,11.9 mg,,0.121 mg,,,,,,,,,,0.805 mg,,,,,,,,,28.0 mg,,260.0 mg,,0.83 g,,,,,,,,,,0.065 mg,,,,,,,,,,,,6.0 mg,,,,,,0.075 mg,,5.51 g,0.63 g,,,,,,,,,0.06 mg,27.2 mg,,0.98 mg,4.2 µg,92.5 g,0.2 mg
vidalia onion,790577,"Onions, red, raw",Foundation,,search,,,,,,0.43 g,,,,17.0 mg,186.0 kJ,,,,0.058 mg,,,,,3.97 g,,,,,,,,,,,,,,,,0.24 mg,,,,,,,,,11.4 mg,,0.119 mg,,,,,,,,,,,,,,,,,,,41.0 mg,,197.0 mg,,0.94 g,,,,,,,,,,,,0.5 µg,,,,,,,,,,1.0 mg,,,,,,,,9.93 g,0.1 g,5.76 g,,,,,,,,,8.1 mg,,,,88.6 g,0.17 mg
purple cabbage,2346408,"Cabbage, red, raw",Foundation,,search,,,,,,0.6138 g,,,,30.99 mg,29.943836 kcal,,,,0.0035 mg,,,,,,,,,,,,,,,,,,,,,,,,,,,,,,13.3 mg,,0.3094 mg,,,,,,,,,,,,,,,,,,,35.84 mg,,269.1 mg,,1.2425 g,,,,,,,,,,,,,,,,,,,,,,11.72 mg,,,,,,,,6.7899 g,0.2138 g,,,,,,,,,0.1789 mg,53.88 mg,,,32.3 µg,91.14 g,0.245 mg
yukon gold potatoes,2346403,"Potatoes, gold, without skin, raw",Foundation,,search,,,,,,0.8913 g,,,,5.943 mg,71.575228 kcal,,,,0.1304 mg,,,,,0.5856 g,,,,,,,,,,,,,,,,0.3728 mg,,,,,,,,,22.3 mg,,0.1598 mg,,,,,,,,,,1.585 mg,,,,,,,,,56.95 mg,,445.8 mg,,1.8125 g,,,,,,,,,,,,,,,,,,,,,,2.238 mg,,,,,,0.05125 mg,,15.9624 g,0.2638 g,0.6451 g,,,,,,,,0.145 mg,23.3 mg,,,0.8 µg,81.07 g,0.3739 mg
fingerling potatoes,2346403,"Potatoes, gold, without skin, raw",Foundation,,search,,,,,,0.8913 g,,,,5.943 mg,71.575228 kcal,,,,0.1304 mg,,,,,0.5856 g,,,,,,,,,,,,,,,,0.3728 mg,,,,,,,,,22.3 mg,,0.1598 mg,,,,,,,,,,1.585 mg,,,,,,,,,56.95 mg,,445.8 mg,,1.8125 g,,,,,,,,,,,,,,,,,,,,,,2.238 mg,,,,,,0.05125 mg,,15.9624 g,0.2638 g,0.6451 g,,,,,,,,0.145 mg,23.3 mg,,,0.8 µg,81.07 g,0.3739 mg
purple potatoes,2346403,"Potatoes, gold, without skin, raw",Foundation,,search,,,,,,0.8913 g,,,,5.943 mg,71.575228 kcal,,,,0.1304 mg,,,,,0.5856 g,,,,,,,,,,,,,,,,0.3728 mg,,,,,,,,,22.3 mg,,0.1598 mg,,,,,,,,,,1.585 mg,,,,,,,,,56.95 mg,,445.8 mg,,1.8125 g,,,,,,,,,,,,,,,,,,,,,,2.238 mg,,,,,,0.05125 mg,,15.9624 g,0.2638 g,0.6451 g,,,,,,,,0.145 mg,23.3 mg,,,0.8 µg,81.07 g,0.3739 mg
new potatoes,2346403,"Potatoes, gold, without skin, raw",Foundation,,search,,,,,,0.8913 g,,,,5.943 mg,71.575228 kcal,,,,0.1304 mg,,,,,0.5856 g,,,,,,,,,,,,,,,,0.3728 mg,,,,,,,,,22.3 mg,,0.1598 mg,,,,,,,,,,1.585 mg,,,,,,,,,56.95 mg,,445.8 mg,,1.8125 g,,,,,,,,,,,,,,,,,,,,,,2.238 mg,,,,,,0.05125 mg,,15.9624 g,0.2638 g,0.6451 g,,,,,,,,0.145 mg,23.3 mg,,,0.8 µg,81.07 g,0.3739 mg
blood orange,746771,"Oranges, raw, navels",Foundation,,search,0.028 g,,,,0.099 g,0.43 g,0.12 g,,,43.0 mg,196.0 kJ,,,,0.064 mg,,,0.009 g,,1.8 g,,,,,,,25.0 µg,,0.242 g,,,0.02 g,,0.011 g,,0.33 mg,0.014 g,,,0.025 g,,,,0.032 g,10.7 mg,,0.029 mg,0.007 g,,,,,,,,,0.425 mg,,,,,,,,0.051 g,23.0 mg,,166.0 mg,0.153 g,0.91 g,,,,,,,,,,0.051 mg,,,0.032 g,,,,,,,,,9.0 mg,,,,,,0.068 mg,0.016 g,10.6 g,0.15 g,8.57 g,,0.008 g,0.011 g,0.022 g,,,0.261 mg,0.079 mg,59.1 mg,,,,86.7 g,0.11 mg
cara cara orange,746771,"Oranges, raw, navels",Foundation,,search,0.028 g,,,,0.099 g,0.43 g,0.12 g,,,43.0 mg,196.0 kJ,,,,0.064 mg,,,0.009 g,,1.8 g,,,,,,,25.0 µg,,0.242 g,,,0.02 g,,0.011 g,,0.33 mg,0.014 g,,,0.025 g,,,,0.032 g,10.7 mg,,0.029 mg,0.007 g,,,,,,,,,0.425 mg,,,,,,,,0.051 g,23.0 mg,,166.0 mg,0.153 g,0.91 g,,,,,,,,,,0.051 mg,,,0.032 g,,,,,,,,,9.0 mg,,,,,,0.068 mg,0.016 g,10.6 g,0.15 g,8.57 g,,0.008 g,0.011 g,0.022 g,,,0.261 mg,0.079 mg,59.1 mg,,,,86.7 g,0.11 mg
black grapes,2346413,"Grapes, green, seedless, raw",Foundation,,search,,,,,,0.385 g,,,,9.897 mg,71.939325 kcal,,,,0.06091 mg,,,,,,,,,,,,,,,,,,,,,0.1991 mg,,,,,,,,,7.118 mg,,0.08365 mg,,,,,,,,,,,,,,,,,,,21.98 mg,,218.1 mg,,0.89875 g,,,,,,,,,,,,,,,,,,,,,,3.171 mg,,,,,,,,18.60375 g,0.2325 g,16.133 g,,,,,,,,,3.017 mg,,,,79.88 g,0.02674 mg
fuerte avocado,2710824,"Avocado, Hass, peeled, raw",Foundation,,search,,,,,,2.554 g,,,,14.46 mg,206.0493 kcal,,,,0.2849 mg,,,,,,,,,,,,128.7 µg,,,,,,,,,0.6133 mg,,,,,,,,,32.8 mg,,0.1966 mg,,,,,,,,,,,,,,,,,,,42.38 mg,,576.4 mg,,1.8125 g,,,,,,,,,,,,,,,,,,,,,,,,,,,,,,8.3235 g,20.31 g,,,,,,,,,0.1674 mg,,,,,67.0 g,0.4596 mg
rainbow carrots,2258587,"Carrots, baby, raw",Foundation,,search,,,,,,0.6788 g,,,,42.23 mg,38.250983 kcal,,,,0.04062 mg,,,,,2.694 g,,,,,,,43.65 µg,,,,,,,,,0.088 mg,,,,,,,,,11.06 mg,,0.09288 mg,,,,,,,,,,0.7413 mg,,,,,,,,,29.58 mg,,237.3 mg,,0.805 g,,,,,,,,,,0.1156 mg,,,,,,,,,,,,62.66 mg,,,,,,0.04381 mg,,9.0787 g,0.1375 g,,,,,,,,,0.1146 mg,,,,,89.3 g,0.1597 mg
purple carrots,2258587,"Carrots, baby, raw",Foundation,,search,,,,,,0.6788 g,,,,42.23 mg,38.250983 kcal,,,,0.04062 mg,,,,,2.694 g,,,,,,,43.65 µg,,,,,,,,,0.088 mg,,,,,,,,,11.06 mg,,0.09288 mg,,,,,,,,,,0.7413 mg,,,,,,,,,29.58 mg,,237.3 mg,,0.805 g,,,,,,,,,,0.1156 mg,,,,,,,,,,,,62.66 mg,,,,,,0.04381 mg,,9.0787 g,0.1375 g,,,,,,,,,0.1146 mg,,,,,89.3 g,0.1597 mg
black-eyed peas,170419,"Peas, green, raw",SR Legacy,,search,0.24 g,,,,0.428 g,0.87 g,0.496 g,,,25.0 mg,339.0 kJ,,,28.4 mg,0.176 mg,,,0.032 g,,5.7 g,,,,,,,,,0.741 g,,,0.184 g,,0.107 g,,1.47 mg,0.195 g,,,0.323 g,2477.0 µg,,,0.317 g,33.0 mg,,0.41 mg,0.082 g,0.035 g,,,,,,,,2.09 mg,,,,,,,,0.2 g,108.0 mg,0.187 g,244.0 mg,0.173 g,5.42 g,,,,,,,,,,0.132 mg,0.071 g,1.8 µg,0.181 g,,,,,,,,,5.0 mg,,,,,,0.266 mg,0.203 g,14.45 g,0.4 g,5.67 g,,0.037 g,0.114 g,0.235 g,38.0 µg,,0.104 mg,0.169 mg,40.0 mg,,0.13 mg,24.8 µg,78.86 g,1.24 mg
fresh tomatoes,321360,"Tomatoes, grape, raw",Foundation,,search,,,,,,0.56 g,,,,11.0 mg,113.0 kJ,,,9.8 mg,0.058 mg,,,,,2.1 g,,,,,,,10.0 µg,,,,,,,,,0.33 mg,,,,,,,4100.0 µg,,11.9 mg,,0.121 mg,,,,,,,,,,0.805 mg,,,,,,,,,28.0 mg,,260.0 mg,,0.83 g,,,,,,,,,,0.065 mg,,,,,,,,,,,,6.0 mg,,,,,,0.075 mg,,5.51 g,0.63 g,,,,,,,,,0.06 mg,27.2 mg,,0.98 mg,4.2 µg,92.5 g,0.2 mg
plum tomatoes,321360,"Tomatoes, grape, raw",Foundation,,search,,,,,,0.56 g,,,,11.0 mg,113.0 kJ,,,9.8 mg,0.058 mg,,,,,2.1 g,,,,,,,10.0 µg,,,,,,,,,0.33 mg,,,,,,,4100.0 µg,,11.9 mg,,0.121 mg,,,,,,,,,,0.805 mg,,,,,,,,,28.0 mg,,260.0 mg,,0.83 g,,,,,,,,,,0.065 mg,,,,,,,,,,,,6.0 mg,,,,,,0.075 mg,,5.51 g,0.63 g,,,,,,,,,0.06 mg,27.2 mg,,0.98 mg,4.2 µg,92.5 g,0.2 mg
fresh oregano,2710826,"Corn, sweet, yellow and white kernels,  fresh, raw",Foundation,,search,,,,,,0.645 g,,,,0.6563 mg,72.85765625 kcal,,,,0.0563 mg,,,,,2.428 g,,,,,,,,,,,,,,,,0.3875 mg,,,,,,,,,25.76 mg,,0.1898 mg,,,,,,,,,,1.593 mg,,,,,,,,,75.46 mg,,237.0 mg,,2.789375 g,,,,,,,,,,0.1375 mg,,,,,,,,,,,,,,,,,,0.07875 mg,,14.689625 g,1.626 g,7.372 g,,,,,,,,0.1501 mg,,,,,80.25 g,0.5564 mg
fresh cilantro,2710826,"Corn, sweet, yellow and white kernels,  fresh, raw",Foundation,,search,,,,,,0.645 g,,,,0.6563 mg,72.85765625 kcal,,,,0.0563 mg,,,,,2.428 g,,,,,,,,,,,,,,,,0.3875 mg,,,,,,,,,25.76 mg,,0.1898 mg,,,,,,,,,,1.593 mg,,,,,,,,,75.46 mg,,237.0 mg,,2.789375 g,,,,,,,,,,0.1375 mg,,,,,,,,,,,,,,,,,,0.07875 mg,,14.689625 g,1.626 g,7.372 g,,,,,,,,0.1501 mg,,,,,80.25 g,0.5564 mg
fresh tarragon,2710826,"Corn, sweet, yellow and white kernels,  fresh, raw",Foundation,,search,,,,,,0.645 g,,,,0.6563 mg,72.85765625 kcal,,,,0.0563 mg,,,,,2.428 g,,,,,,,,,,,,,,,,0.3875 mg,,,,,,,,,25.76 mg,,0.1898 mg,,,,,,,,,,1.593 mg,,,,,,,,,75.46 mg,,237.0 mg,,2.789375 g,,,,,,,,,,0.1375 mg,,,,,,,,,,,,,,,,,,0.07875 mg,,14.689625 g,1.626 g,7.372 g,,,,,,,,0.1501 mg,,,,,80.25 g,0.5564 mg
cinnamon sticks,167940,"Cinnamon buns, frosted (includes honey buns)",SR Legacy,,search,0.18 g,,,,0.218 g,1.36 g,0.297 g,,,183.0 mg,1890.0 kJ,,5.0 mg,10.6 mg,0.062 mg,,,0.093 g,,1.2 g,,,,,,,53.0 µg,,1.553 g,,,0.172 g,,0.126 g,,1.37 mg,0.226 g,,,0.41 g,6.0 µg,,,0.215 g,14.0 mg,,0.292 mg,0.104 g,8.723 g,,,,,,,,2.404 mg,,,,,,,,0.264 g,131.0 mg,3.676 g,102.0 mg,0.568 g,4.45 g,,,,,,,,,,0.138 mg,12.649 g,13.0 µg,0.273 g,,,,,,,,,305.0 mg,,,,,,0.211 mg,0.176 g,48.6 g,0.072 g,25.7 g,0.295 g,0.068 g,0.189 g,0.255 g,,0.16 µg,0.337 mg,0.038 mg,0.3 mg,,1.15 mg,15.2 µg,18.98 g,0.53 mg
whole nutmeg,2512378,"Buckwheat, whole grain",Foundation,,search,,,,,,1.815 g,,,,13.64 mg,331.6005206 kcal,,,,0.4764 mg,,,,,,,,,,,,,,,,,,,,,2.444 mg,,,,,,,,,203.0 mg,,1.23 mg,,,,,,,,,,5.366 mg,,,,,,,,,373.7 mg,,414.5 mg,,11.06534 g,,,,,,,,,,0.1775 mg,,13.6 µg,,,,,,,,,,,,,,,,0.5388 mg,,71.13066 g,3.039 g,,,,,,,,,0.2776 mg,,,,,12.95 g,2.236 mg
whole cloves,2512378,"Buckwheat, whole grain",Foundation,,search,,,,,,1.815 g,,,,13.64 mg,331.6005206 kcal,,,,0.4764 mg,,,,,,,,,,,,,,,,,,,,,2.444 mg,,,,,,,,,203.0 mg,,1.23 mg,,,,,,,,,,5.366 mg,,,,,,,,,373.7 mg,,414.5 mg,,11.06534 g,,,,,,,,,,0.1775 mg,,13.6 µg,,,,,,,,,,,,,,,,0.5388 mg,,71.13066 g,3.039 g,,,,,,,,,0.2776 mg,,,,,12.95 g,2.236 mg
ground cardamom,2262075,"Flaxseed, ground",Foundation,,search,1.085 g,,,,2.211 g,3.525 g,2.311 g,,,229.9 mg,514.44343 kcal,,,,1.344 mg,,,,,23.13 g,,,,,,,41.45 µg,,4.846 g,,,1.386 g,,0.5138 g,,5.778 mg,0.9375 g,,,1.38 g,,,,0.9325 g,372.1 mg,,2.405 mg,0.4025 g,5.944 g,,,,,,,,3.756 mg,,,,,,,,1.116 g,556.4 mg,24.73 g,793.4 mg,0.8725 g,18.0359 g,,,,,,,,,,,3.281 g,135.9 µg,1.138 g,,,,,,,,,36.74 mg,,,,,,0.5368 mg,0.9313 g,34.3551 g,37.28 g,,,0.3013 g,0.5725 g,1.138 g,,,,0.3926 mg,,,,3.675 µg,6.804 g,4.738 mg
cardamom pods,170919,"Spices, cardamom",SR Legacy,,search,,,,,,5.78 g,,,,383.0 mg,1303.0 kJ,,,,0.383 mg,,,,,28.0 g,,,,,,,,,,,,,,,,13.97 mg,,,,,,,,,229.0 mg,,28.0 mg,,0.87 g,,,,,,,,1.102 mg,,,,,,,,,178.0 mg,0.43 g,1119.0 mg,,10.76 g,,,,,,,,,,0.182 mg,0.68 g,,,,,,,,,,,18.0 mg,,,,,,0.198 mg,,68.47 g,6.7 g,,,,,,,,,0.23 mg,21.0 mg,,,,8.28 g,7.47 mg
ground cumin,2262075,"Flaxseed, ground",Foundation,,search,1.085 g,,,,2.211 g,3.525 g,2.311 g,,,229.9 mg,514.44343 kcal,,,,1.344 mg,,,,,23.13 g,,,,,,,41.45 µg,,4.846 g,,,1.386 g,,0.5138 g,,5.778 mg,0.9375 g,,,1.38 g,,,,0.9325 g,372.1 mg,,2.405 mg,0.4025 g,5.944 g,,,,,,,,3.756 mg,,,,,,,,1.116 g,556.4 mg,24.73 g,793.4 mg,0.8725 g,18.0359 g,,,,,,,,,,,3.281 g,135.9 µg,1.138 g,,,,,,,,,36.74 mg,,,,,,0.5368 mg,0.9313 g,34.3551 g,37.28 g,,,0.3013 g,0.5725 g,1.138 g,,,,0.3926 mg,,,,3.675 µg,6.804 g,4.738 mg
ground coriander,169997,"Coriander (cilantro) leaves, raw",SR Legacy,,search,,,,,,1.47 g,,,,67.0 mg,95.0 kJ,,,12.8 mg,0.225 mg,202.0 µg,,,,2.8 g,,,,,,,,,,,,,,,,1.77 mg,,,,,865.0 µg,,,,26.0 mg,,0.426 mg,,0.275 g,,,,,,,,1.114 mg,,,,,,,,,48.0 mg,0.04 g,521.0 mg,,2.13 g,,,,,,,,,,0.162 mg,0.014 g,0.9 µg,,,,,,,,,,46.0 mg,,,,,,0.067 mg,,3.67 g,0.52 g,0.87 g,,,,,337.0 µg,,0.57 mg,0.149 mg,27.0 mg,,2.5 mg,310.0 µg,92.21 g,0.5 mg
smoked paprika,171329,"Spices, paprika",SR Legacy,,search,0.64 g,,,,0.89 g,7.74 g,2.85 g,,,229.0 mg,1181.0 kJ,,,51.5 mg,0.713 mg,6186.0 µg,,0.23 g,,34.9 g,,,,,,,,,2.26 g,,,0.78 g,,0.25 g,,21.14 mg,0.57 g,,,0.92 g,18944.0 µg,,,0.69 g,178.0 mg,,1.59 mg,0.2 g,1.695 g,,,,,,,,10.06 mg,,,,,,,,0.61 g,314.0 mg,7.766 g,2280.0 mg,2.31 g,14.14 g,,,,,,,,,,1.23 mg,2.14 g,6.3 µg,0.61 g,,,,,,,,,68.0 mg,,,,,,0.33 mg,0.49 g,53.99 g,,10.34 g,,0.07 g,0.38 g,0.75 g,2463.0 µg,,2.51 mg,2.141 mg,0.9 mg,,29.1 mg,80.3 µg,11.24 g,4.33 mg
sweet paprika,175033,"Sweet rolls, cheese",SR Legacy,,search,0.267 g,,,,0.313 g,1.4 g,0.485 g,,,118.0 mg,1506.0 kJ,,76.0 mg,,0.095 mg,,,0.112 g,,1.2 g,,,,,,,12.0 µg,,1.725 g,,,0.221 g,,0.183 g,,0.76 mg,0.319 g,,,0.555 g,,,,0.388 g,19.0 mg,,0.21 mg,0.142 g,9.057 g,,,,,,,,0.83 mg,,,,,,,,0.343 g,98.0 mg,2.032 g,137.0 mg,0.6 g,7.1 g,,,,,,,,,,0.13 mg,6.059 g,11.9 µg,0.374 g,,,,,,,,,357.0 mg,,,,,,0.15 mg,0.262 g,43.7 g,18.3 g,,,0.078 g,0.256 g,0.354 g,,0.3 µg,0.416 mg,0.069 mg,0.2 mg,,,,29.4 g,0.63 mg
hot paprika,172107,"HOT POCKETS, meatballs & mozzarella stuffed sandwich, frozen",SR Legacy,,search,,,,,,2.55 g,,,,181.0 mg,1055.0 kJ,,20.0 mg,36.1 mg,0.086 mg,9.0 µg,,,,2.2 g,,,,,,,44.0 µg,,,,,,,,,2.08 mg,,,,,130.0 µg,,1743.0 µg,,22.0 mg,,0.34 mg,,2.787 g,,,,,,,,2.922 mg,,,,,,,,,186.0 mg,2.611 g,204.0 mg,,9.32 g,,,,,,,,,,0.208 mg,3.93 g,10.0 µg,,,,,,,,,,378.0 mg,,,,,,0.386 mg,,30.68 g,0.051 g,7.73 g,0.156 g,,,,12.0 µg,0.6 µg,0.685 mg,0.061 mg,0.6 mg,0.2 µg,0.69 mg,10.8 µg,47.21 g,0.99 mg
kosher salt,746775,"Salt, table, iodized",Foundation,,search,,,,,,99.0 g,,,,50.0 mg,,,,,,,,,,,,,,,,,,,,,,,,,,,,,,,,,,,,,0.032 mg,,,,,,,,,,,,,,,,,,,,,2.0 mg,,,,,,,,,,,,,,,,,,,,,,,,38700.0 mg,,,,,,,,,,,,,,,,,,,,,,,0.42 g,
sea salt,746775,"Salt, table, iodized",Foundation,,search,,,,,,99.0 g,,,,50.0 mg,,,,,,,,,,,,,,,,,,,,,,,,,,,,,,,,,,,,,0.032 mg,,,,,,,,,,,,,,,,,,,,,2.0 mg,,,,,,,,,,,,,,,,,,,,,,,,38700.0 mg,,,,,,,,,,,,,,,,,,,,,,,0.42 g,
himalayan pink salt,746775,"Salt, table, iodized",Foundation,,search,,,,,,99.0 g,,,,50.0 mg,,,,,,,,,,,,,,,,,,,,,,,,,,,,,,,,,,,,,0.032 mg,,,,,,,,,,,,,,,,,,,,,2.0 mg,,,,,,,,,,,,,,,,,,,,,,,,38700.0 mg,,,,,,,,,,,,,,,,,,,,,,,0.42 g,
flaky sea salt,746775,"Salt, table, iodized",Foundation,,search,,,,,,99.0 g,,,,50.0 mg,,,,,,,,,,,,,,,,,,,,,,,,,,,,,,,,,,,,,0.032 mg,,,,,,,,,,,,,,,,,,,,,2.0 mg,,,,,,,,,,,,,,,,,,,,,,,,38700.0 mg,,,,,,,,,,,,,,,,,,,,,,,0.42 g,
black peppercorns,2710825,"Rice, black, unenriched, raw",Foundation,,search,,,,,,1.345 g,,,,14.4 mg,360.53871 kcal,,,,0.2095 mg,,,,,4.179 g,,,,,,,,,,,,,,,,1.116 mg,,,,,,,,,113.4 mg,,3.906 mg,,,,,,,,,,8.278 mg,,,,,,,,,306.7 mg,,255.6 mg,,7.56875 g,,,,,,,,,,,,,,,,,,,,,,,,,,,,0.3188 mg,,77.18825 g,3.438 g,,,,,,,,,0.2024 mg,,,,,10.46 g,1.716 mg
white peppercorns,2258588,"Peppers, bell, green, raw",Foundation,,search,,,,,,0.2806 g,,,,7.496 mg,19.692148 kcal,,,,0.05775 mg,,,,,0.9419 g,,,,,,,22.21 µg,,,,,,,,,0.1861 mg,,,,,,,,,9.004 mg,,0.09991 mg,,,,,,,,,,0.6363 mg,,,,,,,,,16.75 mg,,163.1 mg,,0.715 g,,,,,,,,,,0.08875 mg,,,,,,,,,,,,,,,,,,0.03906 mg,,4.7781 g,0.1063 g,,,,,,,,,0.2468 mg,99.51 mg,,,,94.12 g,0.1256 mg
pink peppercorns,747439,"Beans, Dry, Pink (0% moisture)",Foundation,,search,,,,,,,,,,137.0 mg,,,,,0.947 mg,,,,,4.1 g,,,,,,,,,,,,,,,,5.46 mg,,,,,,,,,164.0 mg,,1.7 mg,,,,,,,,,,,,,,,,,,,491.0 mg,,1490.0 mg,,23.4 g,,,,,,,,,,,,,,,,,,,,,,,,,,,,,,,1.2 g,,,,,,,,,,,,,,,3.26 mg
szechuan peppercorns,168093,"Salad dressing, peppercorn dressing, commercial, regular",SR Legacy,,search,,,,,,2.0 g,,,,22.0 mg,2360.0 kJ,,49.0 mg,20.6 mg,0.01 mg,1.0 µg,,,,,,,,,,,,,,,,,,,,0.35 mg,,,,,29.0 µg,,,,2.0 mg,,,,14.84 g,,,,,,,,,,,,,,,,,26.0 mg,32.972 g,176.0 mg,,1.2 g,,,,,,,,,10.0 µg,,10.527 g,1.6 µg,,,,,,,,,,1103.0 mg,,,,,,,,3.5 g,61.4 g,2.45 g,,,,,10.0 µg,0.12 µg,,0.07 mg,0.6 mg,0.1 µg,4.23 mg,125.2 µg,31.9 g,0.18 mg
chickpea pasta,2644282,"Chickpeas, (garbanzo beans, bengal gram), dry",Foundation,,search,,,,,,3.319 g,,,,111.1 mg,371.99469 kcal,,,,0.8041 mg,,,,,,,,,,,,,,,,,,,,,5.094 mg,,,,,,,,,134.8 mg,,3.581 mg,,,,,,,,,,,,,,,,,,,353.1 mg,,1074.0 mg,,21.275 g,,,,,,,,,,,,,,,,,,,,,,8.779 mg,,,,,,,,60.358 g,6.274 g,,,,,,,,,,,,,,8.774 g,3.124 mg
lentil pasta,2644283,"Lentils, dry",Foundation,,search,,,,,,2.884 g,,,,61.85 mg,350.9328 kcal,,,,0.8376 mg,,,,,,,,,,,,,,,,,,,,,7.158 mg,,,,,,,,,106.7 mg,,1.569 mg,,,,,,,,,,,,,,,,,,,373.6 mg,,948.9 mg,,23.56875 g,,,,,,,,,,,,,,,,,,,,,,,,,,,,,,62.17125 g,1.925 g,,,,,,,,,,,,,,9.451 g,3.863 mg
multigrain bread,167944,"Bread, cheese",SR Legacy,,search,,,,,,2.79 g,,,,90.0 mg,1709.0 kJ,,10.0 mg,8.5 mg,0.086 mg,,,,,2.1 g,,,,,,,75.0 µg,,,,,,,,,2.49 mg,,,,,45.0 µg,,,,17.0 mg,,0.366 mg,,4.339 g,,,,,,,,3.279 mg,,,,,,,,,120.0 mg,9.203 g,84.0 mg,,10.42 g,,,,,,,,,23.0 µg,0.303 mg,6.25 g,19.8 µg,,,,,,,,,,750.0 mg,,,,,,0.433 mg,,44.83 g,20.83 g,2.08 g,,,,,24.0 µg,0.24 µg,0.35 mg,0.048 mg,,0.1 µg,1.49 mg,32.4 µg,21.13 g,0.96 mg
sprouted grain bread,171850,"Bread, wheat, sprouted",SR Legacy,,search,,,,,,2.08 g,,,,,787.0 kJ,,,14.9 mg,0.208 mg,,,,,5.3 g,,,,,,,,,,,,,,,,1.89 mg,,,,,104.0 µg,,,,66.0 mg,,,,,,,,,,,,2.33 mg,,,,,,,,,176.0 mg,,198.0 mg,,13.16 g,,,,,,,,,,0.079 mg,,30.0 µg,,,,,,,,,,474.0 mg,,,,,,0.233 mg,,33.88 g,,2.63 g,,,,,,,,0.193 mg,,,0.34 mg,1.1 µg,50.88 g,1.25 mg
european butter,790508,"Butter, stick, salted",Foundation,,search,0.017 g,,,,0.035 g,,0.043 g,,,21.0 mg,,,235.0 mg,,0.006 mg,8.0 µg,,,,,,,,,,,5.0 µg,,0.08 g,,,0.007 g,,0.012 g,,0.06 mg,0.022 g,,,0.05 g,,,,0.07 g,1.6 mg,,0.005 mg,0.013 g,16.9 g,,,,,,,,,,,,,,,,0.025 g,22.0 mg,2.52 g,23.0 mg,0.06 g,,,,,,,,,,744.0 µg,,45.6 g,,0.037 g,,,,,,,,,524.0 mg,,,,,,,0.025 g,,65.0 g,0.58 g,,0.01 g,0.017 g,0.03 g,758.0 µg,,,,,0.4 µg,,,15.8 g,0.07 mg
raw milk,2685576,"Beets, raw",Foundation,,search,,,,,,1.063 g,,,,13.82 mg,40.965255 kcal,,,,0.1606 mg,,,,,3.119 g,,,,,,,103 µg,,,,,,,,,0.4281 mg,,,,,,,,,21.01 mg,,0.2571 mg,,,,,,,,,,,,,,,,,,,33.65 mg,,341.5 mg,,1.6875 g,,,,,,,,,,,,,,,,,,,,,,111.6 mg,,,,,,,,8.787 g,0.3025 g,5.1015 g,,,,,,,,,4.6 mg,,,,88.16 g,0.3104 mg
mild cheddar,328637,"Cheese, cheddar",Foundation,,search,,,,,,3.67 g,,,,707.0 mg,1710.0 kJ,,100.0 mg,,0.033 mg,,,,,,,,,,,,21.0 µg,,,,,,,,,0.16 mg,,,,,,,,,26.8 mg,,0.026 mg,,7.44 g,,,,,,,,0.052 mg,,,,,,,,,458.0 mg,1.18 g,77.0 mg,,23.3 g,,,,,,,,,316.0 µg,0.441 mg,19.2 g,28.3 µg,,,,,,,,,,654.0 mg,,,,,,0.029 mg,,2.44 g,0.225 g,0.33 g,1.14 g,,,,316.0 µg,1.06 µg,0.413 mg,0.069 mg,,,0.75 mg,2.4 µg,36.6 g,3.67 mg
aged cheddar,328637,"Cheese, cheddar",Foundation,,search,,,,,,3.67 g,,,,707.0 mg,1710.0 kJ,,100.0 mg,,0.033 mg,,,,,,,,,,,,21.0 µg,,,,,,,,,0.16 mg,,,,,,,,,26.8 mg,,0.026 mg,,7.44 g,,,,,,,,0.052 mg,,,,,,,,,458.0 mg,1.18 g,77.0 mg,,23.3 g,,,,,,,,,316.0 µg,0.441 mg,19.2 g,28.3 µg,,,,,,,,,,654.0 mg,,,,,,0.029 mg,,2.44 g,0.225 g,0.33 g,1.14 g,,,,316.0 µg,1.06 µg,0.413 mg,0.069 mg,,,0.75 mg,2.4 µg,36.6 g,3.67 mg
white cheddar,328637,"Cheese, cheddar",Foundation,,search,,,,,,3.67 g,,,,707.0 mg,1710.0 kJ,,100.0 mg,,0.033 mg,,,,,,,,,,,,21.0 µg,,,,,,,,,0.16 mg,,,,,,,,,26.8 mg,,0.026 mg,,7.44 g,,,,,,,,0.052 mg,,,,,,,,,458.0 mg,1.18 g,77.0 mg,,23.3 g,,,,,,,,,316.0 µg,0.441 mg,19.2 g,28.3 µg,,,,,,,,,,654.0 mg,,,,,,0.029 mg,,2.44 g,0.225 g,0.33 g,1.14 g,,,,316.0 µg,1.06 µg,0.413 mg,0.069 mg,,,0.75 mg,2.4 µg,36.6 g,3.67 mg
fresh mozzarella,746766,"Cheese, ricotta, whole milk",Foundation,,search,0.325 g,,,,0.21 g,1.36 g,0.735 g,,,224.0 mg,657.0 kJ,,48.0 mg,,,,,,,,,,,,,,4.0 µg,,1.3 g,,,0.135 g,,0.175 g,,0.1 mg,0.365 g,,,0.785 g,,,,0.655 g,19.7 mg,,,0.17 g,2.56 g,,,,,,,,0.168 mg,,,,,,,,0.27 g,162.0 mg,0.389 g,230.0 mg,0.565 g,7.81 g,,,,,,,,,127.0 µg,0.327 mg,6.97 g,5.5 µg,0.365 g,,,,,,,,,105.0 mg,,,,,,0.043 mg,0.395 g,6.86 g,0.001 g,,0.351 g,0.115 g,0.25 g,0.325 g,127.0 µg,0.78 µg,0.673 mg,0.099 mg,,,0.27 mg,0.6 µg,72.9 g,0.56 mg
parmesan wedge,172206,"Parmesan cheese topping, fat free",SR Legacy,,search,,,,,,6.4 g,,,,800.0 mg,1548.0 kJ,,20.0 mg,15.4 mg,0.02 mg,,,,,,,,,,,,,,,,,,,,,5.0 mg,,,,,,,,,40.0 mg,,,,1.446 g,,,,,,,,0.2 mg,,,,,,,,,700.0 mg,0.186 g,600.0 mg,,40.0 g,,,,,,,,,39.0 µg,0.05 mg,3.11 g,43.3 µg,,,,,,,,,,1150.0 mg,,,,,,0.05 mg,,40.0 g,5.0 g,1.5 g,,,,,40.0 µg,1.1 µg,,0.1 mg,,,0.04 mg,0.4 µg,8.6 g,3.0 mg
parmigiano reggiano,325036,"Cheese, parmesan, grated",Foundation,,search,,,,,,7.15 g,,,,884.0 mg,1760.0 kJ,,87.0 mg,14.1 mg,0.04 mg,,,,,,,,,,,,6.0 µg,,,,,,,,,0.45 mg,,,,,,,,,34.9 mg,,0.066 mg,,6.4 g,,,,,,,,0.078 mg,,,,,,,,,634.0 mg,1.2 g,184.0 mg,,29.6 g,,,,,,,,,228.0 µg,0.345 mg,15.5 g,35.0 µg,,,,,,,,,,1750.0 mg,,,,,,0.027 mg,,12.4 g,0.172 g,0.07 g,0.896 g,,,,228.0 µg,1.35 µg,0.457 mg,0.081 mg,,,0.51 mg,1.7 µg,22.8 g,4.33 mg
olive oil spray,1750351,"Oil, olive, extra light",Foundation,,search,,,,,,,,,,,,,,,,,,,,,,,,,,,,,,,,,,,,,,,,,,,,,,,,,66.63 g,,,,,,,,,,,,,,,,,,10.37 g,,,,,,,,,,,,,,15.82 g,,,,,,,,,,,,,,,,,,,,,,0.1156 g,,,,,,,,,,20.88 mg,26.04 µg,,
virgin coconut oil,330458,"Oil, coconut",Foundation,,search,,,,,,0.03 g,,,,1.0 mg,3480.0 kJ,,,,,,,,,,,,,,,,,,,,,,,,,0.05 mg,,,,,,,,,,,,,6.31 g,,,,,,,,,,,,,,,,,,1.7 g,,,,,,,,,,,,,,82.5 g,,,,,,,,,,,,,,,,,,,0.84 g,0.007 g,,0.028 g,,,,,,,,,,0.11 mg,0.6 µg,0.03 g,0.02 mg
refined coconut oil,330458,"Oil, coconut",Foundation,,search,,,,,,0.03 g,,,,1.0 mg,3480.0 kJ,,,,,,,,,,,,,,,,,,,,,,,,,0.05 mg,,,,,,,,,,,,,6.31 g,,,,,,,,,,,,,,,,,,1.7 g,,,,,,,,,,,,,,82.5 g,,,,,,,,,,,,,,,,,,,0.84 g,0.007 g,,0.028 g,,,,,,,,,,0.11 mg,0.6 µg,0.03 g,0.02 mg
toasted sesame oil,2262073,"Sesame butter, creamy",Foundation,,search,1.174 g,,,,3.14 g,3.11 g,2.055 g,,,115.8 mg,648.374268 kcal,,,,1.646 mg,,,,,8.372 g,,,,,,,108.4 µg,,5.046 g,,,1.225 g,,0.6175 g,,7.003 mg,0.8588 g,,,1.649 g,,,,0.6725 g,356.8 mg,,1.609 mg,0.7388 g,22.57 g,,,,,,,,5.813 mg,,,,,,,,1.116 g,719.3 mg,26.37 g,407.7 mg,0.9288 g,19.7054 g,,,,,,,,,,,8.966 g,46.48 µg,1.151 g,,,,,,,,,63.63 mg,,,,,,0.9928 mg,0.9163 g,14.179 g,62.4 g,,,0.3088 g,0.8363 g,1.1 g,,,,0.5953 mg,,,,1.713 µg,0.6056 g,6.039 mg
light sesame oil,2262073,"Sesame butter, creamy",Foundation,,search,1.174 g,,,,3.14 g,3.11 g,2.055 g,,,115.8 mg,648.374268 kcal,,,,1.646 mg,,,,,8.372 g,,,,,,,108.4 µg,,5.046 g,,,1.225 g,,0.6175 g,,7.003 mg,0.8588 g,,,1.649 g,,,,0.6725 g,356.8 mg,,1.609 mg,0.7388 g,22.57 g,,,,,,,,5.813 mg,,,,,,,,1.116 g,719.3 mg,26.37 g,407.7 mg,0.9288 g,19.7054 g,,,,,,,,,,,8.966 g,46.48 µg,1.151 g,,,,,,,,,63.63 mg,,,,,,0.9928 mg,0.9163 g,14.179 g,62.4 g,,,0.3088 g,0.8363 g,1.1 g,,,,0.5953 mg,,,,1.713 µg,0.6056 g,6.039 mg
black sesame oil,2262073,"Sesame butter, creamy",Foundation,,search,1.174 g,,,,3.14 g,3.11 g,2.055 g,,,115.8 mg,648.374268 kcal,,,,1.646 mg,,,,,8.372 g,,,,,,,108.4 µg,,5.046 g,,,1.225 g,,0.6175 g,,7.003 mg,0.8588 g,,,1.649 g,,,,0.6725 g,356.8 mg,,1.609 mg,0.7388 g,22.57 g,,,,,,,,5.813 mg,,,,,,,,1.116 g,719.3 mg,26.37 g,407.7 mg,0.9288 g,19.7054 g,,,,,,,,,,,8.966 g,46.48 µg,1.151 g,,,,,,,,,63.63 mg,,,,,,0.9928 mg,0.9163 g,14.179 g,62.4 g,,,0.3088 g,0.8363 g,1.1 g,,,,0.5953 mg,,,,1.713 µg,0.6056 g,6.039 mg
dutch-processed cocoa,169594,"Cocoa, dry powder, unsweetened, processed with alkali",SR Legacy,,search,0.834 g,,,,1.025 g,7.8 g,1.802 g,,78.0 mg,111.0 mg,922.0 kJ,,,11.4 mg,3.607 mg,,,0.221 g,,29.8 g,,,,,,,,,2.72 g,,,0.812 g,,0.312 g,,15.52 mg,0.701 g,,,1.097 g,38.0 µg,,,0.907 g,476.0 mg,,3.737 mg,0.187 g,4.39 g,,,,,,,,2.4 mg,,,,,,,,0.869 g,728.0 mg,0.42 g,2509.0 mg,0.773 g,18.1 g,,,,,,,,,,0.46 mg,7.76 g,13.2 µg,0.781 g,,,,,,,,,19.0 mg,,,,,2634.0 mg,0.11 mg,0.716 g,58.3 g,13.1 g,1.76 g,,0.271 g,0.678 g,1.086 g,,,0.254 mg,0.118 mg,,,0.1 mg,2.4 µg,2.7 g,6.37 mg
natural cocoa powder,169593,"Cocoa, dry powder, unsweetened",SR Legacy,,search,0.904 g,,,,1.111 g,5.8 g,1.953 g,,230.0 mg,128.0 mg,952.0 kJ,,,12.0 mg,3.788 mg,,,0.239 g,,37.0 g,,,,,,,,,2.948 g,,,0.879 g,,0.339 g,,13.86 mg,0.76 g,,,1.189 g,38.0 µg,,,0.983 g,499.0 mg,,3.837 mg,0.202 g,4.57 g,,,,,,,,2.185 mg,,,,,,,,0.941 g,734.0 mg,0.44 g,1524.0 mg,0.838 g,19.6 g,,,,,,,,,,0.241 mg,8.07 g,14.3 µg,0.846 g,,,,,,,,,21.0 mg,,,,,2057.0 mg,0.078 mg,0.776 g,57.9 g,13.7 g,1.75 g,,0.293 g,0.735 g,1.177 g,,,0.254 mg,0.118 mg,,,0.1 mg,2.5 µg,3.0 g,6.81 mg
dark chocolate chips,170271,"Chocolate, dark, 45- 59% cacao solids",SR Legacy,,search,,,,,,1.7 g,,,43.0 mg,56.0 mg,2283.0 kJ,,8.0 mg,,1.028 mg,1.0 µg,,,,7.0 g,,,,,,,,,,,,,,,,8.02 mg,,,,,31.0 µg,,,,146.0 mg,,1.419 mg,,9.54 g,,,,,,,,0.725 mg,,,,,,,,,206.0 mg,1.092 g,559.0 mg,,4.88 g,,,,,,,,,,0.05 mg,18.519 g,3.0 µg,,,,,,,,,,24.0 mg,,,,,493.0 mg,0.025 mg,,61.17 g,0.024 g,47.9 g,0.112 g,,,,2.0 µg,0.23 µg,0.297 mg,0.042 mg,,,0.54 mg,8.1 µg,0.97 g,2.01 mg
white chocolate chips,323793,"Egg, white, dried",Foundation,,search,,,,,,5.47 g,,,,104.0 mg,1570.0 kJ,,17.0 mg,,,,,,,,,,,,,,,,,,,,,,,,,,,,,,,,87.6 mg,,,,,,,,,,,,,,,,,,,,,107.0 mg,,959.0 mg,,79.9 g,,,,,,,,,,,,,,,,,,,,,,1250.0 mg,,,,,,,,6.02 g,0.65 g,,,,,,,,,,,,,,7.98 g,0.43 mg
semi-sweet chocolate,167976,"Candies, semisweet chocolate",SR Legacy,,search,0.196 g,,,,0.24 g,1.2 g,0.422 g,,62.0 mg,32.0 mg,2008.0 kJ,,,22.0 mg,0.7 mg,,,0.052 g,,5.9 g,,,,,,,,,0.637 g,,,0.19 g,,0.073 g,,3.13 mg,0.164 g,,,0.257 g,18.0 µg,,,0.212 g,115.0 mg,,0.8 mg,0.044 g,9.966 g,,,,,,,,0.427 mg,,,,,,,,0.204 g,132.0 mg,0.966 g,365.0 mg,0.181 g,4.2 g,,,,,,,,,,0.09 mg,17.75 g,4.2 µg,0.183 g,,,,,,,,,11.0 mg,,,,,486.0 mg,0.055 mg,0.168 g,63.9 g,30.0 g,54.5 g,,0.063 g,0.159 g,0.254 g,,,0.105 mg,0.035 mg,,,0.26 mg,5.6 µg,0.7 g,1.62 mg
bittersweet chocolate,174117,"Beverages, chocolate syrup",SR Legacy,,search,,,,,,0.67 g,,,6.0 mg,14.0 mg,1167.0 kJ,,,1.3 mg,0.512 mg,,,,,2.6 g,,,,,,,,,,,,,,,,2.11 mg,,,,,3.0 µg,,,,65.0 mg,,0.382 mg,,0.286 g,,,,,,,,0.322 mg,,,,,,,,,129.0 mg,0.026 g,224.0 mg,,2.1 g,,,,,,,,,,0.05 mg,0.519 g,1.4 µg,,,,,,,,,,72.0 mg,,,,,190.0 mg,0.009 mg,,65.1 g,1.13 g,49.65 g,,,,,,,0.013 mg,0.006 mg,0.2 mg,,0.02 mg,0.5 µg,31.0 g,0.73 mg
vanilla bean paste,173471,Vanilla extract,SR Legacy,,search,,34.4 g,,,,0.26 g,,,,11.0 mg,1205.0 kJ,,,,0.072 mg,,,,,,,,,,,,,,,,,,,,,0.12 mg,,,,,,,,,12.0 mg,,0.23 mg,,0.01 g,,,,,,,,0.425 mg,,,,,,,,,6.0 mg,0.004 g,148.0 mg,,0.06 g,,,,,,,,,,0.095 mg,0.01 g,,,,,,,,,,,9.0 mg,,,,,,0.011 mg,,12.65 g,0.06 g,12.65 g,,,,,,,0.035 mg,0.026 mg,,,,,52.58 g,0.11 mg
pure maple syrup,169661,"Syrups, maple",SR Legacy,,search,,,,,,0.47 g,,,,102.0 mg,1088.0 kJ,,,1.6 mg,0.018 mg,,,,,,,,,,,,,,,,,,,,,0.11 mg,,,,,,,,,21.0 mg,,2.908 mg,,0.011 g,,,,,,,,0.081 mg,,,,,,,,,2.0 mg,0.017 g,212.0 mg,,0.04 g,,,,,,,,,,1.27 mg,0.007 g,0.6 µg,,,,,,,,,,12.0 mg,,,,,,0.066 mg,,67.04 g,0.06 g,60.46 g,,,,,,,0.036 mg,0.002 mg,,,,,32.39 g,1.47 mg
grade a maple syrup,169661,"Syrups, maple",SR Legacy,,search,,,,,,0.47 g,,,,102.0 mg,1088.0 kJ,,,1.6 mg,0.018 mg,,,,,,,,,,,,,,,,,,,,,0.11 mg,,,,,,,,,21.0 mg,,2.908 mg,,0.011 g,,,,,,,,0.081 mg,,,,,,,,,2.0 mg,0.017 g,212.0 mg,,0.04 g,,,,,,,,,,1.27 mg,0.007 g,0.6 µg,,,,,,,,,,12.0 mg,,,,,,0.066 mg,,67.04 g,0.06 g,60.46 g,,,,,,,0.036 mg,0.002 mg,,,,,32.39 g,1.47 mg
grade b maple syrup,169661,"Syrups, maple",SR Legacy,,search,,,,,,0.47 g,,,,102.0 mg,1088.0 kJ,,,1.6 mg,0.018 mg,,,,,,,,,,,,,,,,,,,,,0.11 mg,,,,,,,,,21.0 mg,,2.908 mg,,0.011 g,,,,,,,,0.081 mg,,,,,,,,,2.0 mg,0.017 g,212.0 mg,,0.04 g,,,,,,,,,,1.27 mg,0.007 g,0.6 µg,,,,,,,,,,12.0 mg,,,,,,0.066 mg,,67.04 g,0.06 g,60.46 g,,,,,,,0.036 mg,0.002 mg,,,,,32.39 g,1.47 mg
wildflower honey,169640,Honey,SR Legacy,,search,0.006 g,,,,0.005 g,0.2 g,0.027 g,,,6.0 mg,1272.0 kJ,,,2.2 mg,0.036 mg,,,0.003 g,,0.2 g,,,,,,7.0 µg,,,0.018 g,,,0.007 g,,0.001 g,,0.42 mg,0.008 g,,,0.01 g,,,,0.008 g,2.0 mg,,0.08 mg,0.001 g,,,,,,,,,0.121 mg,,,,,,,,0.011 g,4.0 mg,,52.0 mg,0.09 g,0.3 g,,,,,,,,,,0.038 mg,,0.8 µg,0.006 g,,,,,,,,,4.0 mg,,,,,,,0.004 g,82.4 g,,82.12 g,,0.004 g,0.008 g,0.009 g,,,0.068 mg,0.024 mg,0.5 mg,,,,17.1 g,0.22 mg
clover honey,169640,Honey,SR Legacy,,search,0.006 g,,,,0.005 g,0.2 g,0.027 g,,,6.0 mg,1272.0 kJ,,,2.2 mg,0.036 mg,,,0.003 g,,0.2 g,,,,,,7.0 µg,,,0.018 g,,,0.007 g,,0.001 g,,0.42 mg,0.008 g,,,0.01 g,,,,0.008 g,2.0 mg,,0.08 mg,0.001 g,,,,,,,,,0.121 mg,,,,,,,,0.011 g,4.0 mg,,52.0 mg,0.09 g,0.3 g,,,,,,,,,,0.038 mg,,0.8 µg,0.006 g,,,,,,,,,4.0 mg,,,,,,,0.004 g,82.4 g,,82.12 g,,0.004 g,0.008 g,0.009 g,,,0.068 mg,0.024 mg,0.5 mg,,,,17.1 g,0.22 mg
manuka honey,169640,Honey,SR Legacy,,search,0.006 g,,,,0.005 g,0.2 g,0.027 g,,,6.0 mg,1272.0 kJ,,,2.2 mg,0.036 mg,,,0.003 g,,0.2 g,,,,,,7.0 µg,,,0.018 g,,,0.007 g,,0.001 g,,0.42 mg,0.008 g,,,0.01 g,,,,0.008 g,2.0 mg,,0.08 mg,0.001 g,,,,,,,,,0.121 mg,,,,,,,,0.011 g,4.0 mg,,52.0 mg,0.09 g,0.3 g,,,,,,,,,,0.038 mg,,0.8 µg,0.006 g,,,,,,,,,4.0 mg,,,,,,,0.004 g,82.4 g,,82.12 g,,0.004 g,0.008 g,0.009 g,,,0.068 mg,0.024 mg,0.5 mg,,,,17.1 g,0.22 mg
light brown sugar,746784,"Sugars, granulated",Foundation,,search,,,,,,0.07 g,,,,1.0 mg,1610.0 kJ,,,,0.007 mg,,,,,,,,,,,,,,,,,,,,,0.05 mg,,,,,,,,,0.3 mg,,0.004 mg,,,,,,,,,,,,,,,,,,,,,2.0 mg,,,,,,,,,,,,,,,,,,,,,,,,1.0 mg,,,,,,,,99.6 g,0.32 g,99.8 g,,,,,,,,,,,,,0.02 g,0.01 mg
dark brown sugar,746784,"Sugars, granulated",Foundation,,search,,,,,,0.07 g,,,,1.0 mg,1610.0 kJ,,,,0.007 mg,,,,,,,,,,,,,,,,,,,,,0.05 mg,,,,,,,,,0.3 mg,,0.004 mg,,,,,,,,,,,,,,,,,,,,,2.0 mg,,,,,,,,,,,,,,,,,,,,,,,,1.0 mg,,,,,,,,99.6 g,0.32 g,99.8 g,,,,,,,,,,,,,0.02 g,0.01 mg
muscovado sugar,746784,"Sugars, granulated",Foundation,,search,,,,,,0.07 g,,,,1.0 mg,1610.0 kJ,,,,0.007 mg,,,,,,,,,,,,,,,,,,,,,0.05 mg,,,,,,,,,0.3 mg,,0.004 mg,,,,,,,,,,,,,,,,,,,,,2.0 mg,,,,,,,,,,,,,,,,,,,,,,,,1.0 mg,,,,,,,,99.6 g,0.32 g,99.8 g,,,,,,,,,,,,,0.02 g,0.01 mg
caster sugar,746784,"Sugars, granulated",Foundation,,search,,,,,,0.07 g,,,,1.0 mg,1610.0 kJ,,,,0.007 mg,,,,,,,,,,,,,,,,,,,,,0.05 mg,,,,,,,,,0.3 mg,,0.004 mg,,,,,,,,,,,,,,,,,,,,,2.0 mg,,,,,,,,,,,,,,,,,,,,,,,,1.0 mg,,,,,,,,99.6 g,0.32 g,99.8 g,,,,,,,,,,,,,0.02 g,0.01 mg
superfine sugar,746784,"Sugars, granulated",Foundation,,search,,,,,,0.07 g,,,,1.0 mg,1610.0 kJ,,,,0.007 mg,,,,,,,,,,,,,,,,,,,,,0.05 mg,,,,,,,,,0.3 mg,,0.004 mg,,,,,,,,,,,,,,,,,,,,,2.0 mg,,,,,,,,,,,,,,,,,,,,,,,,1.0 mg,,,,,,,,99.6 g,0.32 g,99.8 g,,,,,,,,,,,,,0.02 g,0.01 mg
confectioners sugar,746784,"Sugars, granulated",Foundation,,search,,,,,,0.07 g,,,,1.0 mg,1610.0 kJ,,,,0.007 mg,,,,,,,,,,,,,,,,,,,,,0.05 mg,,,,,,,,,0.3 mg,,0.004 mg,,,,,,,,,,,,,,,,,,,,,2.0 mg,,,,,,,,,,,,,,,,,,,,,,,,1.0 mg,,,,,,,,99.6 g,0.32 g,99.8 g,,,,,,,,,,,,,0.02 g,0.01 mg
blanched almond flour,2261420,"Flour, almond",Foundation,,search,,,,,,2.961 g,,,,232.3 mg,577.62536 kcal,,,,0.9753 mg,,,,,9.266 g,,,,,,,37.83 µg,,,,,,,,,3.225 mg,,,,,,,,,251.1 mg,,1.813 mg,,,,,,,,,,3.998 mg,,,,,,,,,512.1 mg,,666.8 mg,,26.24375 g,,,,,,,,,,0.7475 mg,,0.7419 µg,,,,,,,,,,0.8944 mg,,,,,,0.1125 mg,,16.24925 g,50.23 g,,,,,,,,,0.09988 mg,,,,,4.316 g,2.795 mg
unblanched almond flour,2261420,"Flour, almond",Foundation,,search,,,,,,2.961 g,,,,232.3 mg,577.62536 kcal,,,,0.9753 mg,,,,,9.266 g,,,,,,,37.83 µg,,,,,,,,,3.225 mg,,,,,,,,,251.1 mg,,1.813 mg,,,,,,,,,,3.998 mg,,,,,,,,,512.1 mg,,666.8 mg,,26.24375 g,,,,,,,,,,0.7475 mg,,0.7419 µg,,,,,,,,,,0.8944 mg,,,,,,0.1125 mg,,16.24925 g,50.23 g,,,,,,,,,0.09988 mg,,,,,4.316 g,2.795 mg
flaxseed meal,2262075,"Flaxseed, ground",Foundation,,search,1.085 g,,,,2.211 g,3.525 g,2.311 g,,,229.9 mg,514.44343 kcal,,,,1.344 mg,,,,,23.13 g,,,,,,,41.45 µg,,4.846 g,,,1.386 g,,0.5138 g,,5.778 mg,0.9375 g,,,1.38 g,,,,0.9325 g,372.1 mg,,2.405 mg,0.4025 g,5.944 g,,,,,,,,3.756 mg,,,,,,,,1.116 g,556.4 mg,24.73 g,793.4 mg,0.8725 g,18.0359 g,,,,,,,,,,,3.281 g,135.9 µg,1.138 g,,,,,,,,,36.74 mg,,,,,,0.5368 mg,0.9313 g,34.3551 g,37.28 g,,,0.3013 g,0.5725 g,1.138 g,,,,0.3926 mg,,,,3.675 µg,6.804 g,4.738 mg
ground chia,2710819,"Chia seeds, dry, raw",Foundation,,search,,,,,,4.373 g,,,,595.4 mg,490.09552 kcal,,,,1.566 mg,,,,,,,,,,,,,,,,,,,,,6.043 mg,,,,,,,,,326.3 mg,,7.558 mg,,,,,,,,,,8.678 mg,,,,,,,,,691.3 mg,,642.1 mg,,17.013 g,,,,,,,,,,,,,,,,,,,,,,,,,,,,0.5 mg,,38.273 g,32.89 g,,,,,,,,,0.2024 mg,,,,,7.451 g,5.556 mg
hemp hearts,2515380,"Seeds, pumpkin seeds (pepitas), raw",Foundation,,search,,,,,,4.766 g,,,,37.38 mg,514.83917 kcal,,,,1.225 mg,,,,,5.079 g,,,,,,,,,,,,,,,,8.363 mg,,,,,,,,,499.7 mg,,4.121 mg,,,,,,,,,,,,,,,,,,,1150 mg,,691.2 mg,,29.9079 g,,,,,,,,,,,,20.52 µg,,,,,,,,,,,,,,,,,,18.6751 g,40.03 g,,,,,,,,,,,,,,6.621 g,6.341 mg
shelled sunflower seeds,2515381,"Seeds, sunflower seed, kernel, raw",Foundation,,search,,,,,,3.313 g,,,,115.6 mg,570.651 kcal,,,,1.875 mg,,,,,7.215 g,,,,,,,,,,,,,,,,4.37 mg,,,,,,,,,301.9 mg,,2.63 mg,,,,,,,,,,,,,,,,,,,732.0 mg,,656.8 mg,,18.8733 g,,,,,,,,,,,,17.78 µg,,,,,,,,,,,,,,,,,,24.5007 g,48.44 g,,,,,,,,,,,,,,4.873 g,5.578 mg
white sesame seeds,2515380,"Seeds, pumpkin seeds (pepitas), raw",Foundation,,search,,,,,,4.766 g,,,,37.38 mg,514.83917 kcal,,,,1.225 mg,,,,,5.079 g,,,,,,,,,,,,,,,,8.363 mg,,,,,,,,,499.7 mg,,4.121 mg,,,,,,,,,,,,,,,,,,,1150 mg,,691.2 mg,,29.9079 g,,,,,,,,,,,,20.52 µg,,,,,,,,,,,,,,,,,,18.6751 g,40.03 g,,,,,,,,,,,,,,6.621 g,6.341 mg
black sesame seeds,2515380,"Seeds, pumpkin seeds (pepitas), raw",Foundation,,search,,,,,,4.766 g,,,,37.38 mg,514.83917 kcal,,,,1.225 mg,,,,,5.079 g,,,,,,,,,,,,,,,,8.363 mg,,,,,,,,,499.7 mg,,4.121 mg,,,,,,,,,,,,,,,,,,,1150 mg,,691.2 mg,,29.9079 g,,,,,,,,,,,,20.52 µg,,,,,,,,,,,,,,,,,,18.6751 g,40.03 g,,,,,,,,,,,,,,6.621 g,6.341 mg
slivered almonds,2262074,"Almond butter, creamy",Foundation,,search,1.181 g,,,,2.771 g,3.185 g,3.006 g,,,263.8 mg,602.510076 kcal,,,,0.9746 mg,,,,,9.718 g,,,,,,,42.46 µg,,7.419 g,,,1.646 g,,0.6388 g,,4.108 mg,0.93 g,,,1.753 g,,,,0.6463 g,267.8 mg,,2.135 mg,0.1888 g,34.69 g,,,,,,,,3.909 mg,,,,,,,,1.384 g,506.9 mg,12.61 g,745.4 mg,1.123 g,20.78734 g,,,,,,,,,,,4.253 g,0.7938 µg,1.063 g,,,,,,,,,0.9963 mg,,,,,,0.09456 mg,0.7788 g,21.23666 g,53.04 g,,,0.1963 g,0.76 g,1.094 g,,,,0.08375 mg,,,16.67 mg,,1.751 g,3.178 mg
sliced almonds,2262074,"Almond butter, creamy",Foundation,,search,1.181 g,,,,2.771 g,3.185 g,3.006 g,,,263.8 mg,602.510076 kcal,,,,0.9746 mg,,,,,9.718 g,,,,,,,42.46 µg,,7.419 g,,,1.646 g,,0.6388 g,,4.108 mg,0.93 g,,,1.753 g,,,,0.6463 g,267.8 mg,,2.135 mg,0.1888 g,34.69 g,,,,,,,,3.909 mg,,,,,,,,1.384 g,506.9 mg,12.61 g,745.4 mg,1.123 g,20.78734 g,,,,,,,,,,,4.253 g,0.7938 µg,1.063 g,,,,,,,,,0.9963 mg,,,,,,0.09456 mg,0.7788 g,21.23666 g,53.04 g,,,0.1963 g,0.76 g,1.094 g,,,,0.08375 mg,,,16.67 mg,,1.751 g,3.178 mg
chopped walnuts,2346394,"Nuts, walnuts, English, halves, raw",Foundation,,search,0.59 g,,,,2.02 g,1.641 g,1.293 g,,,88.26 mg,678.66434 kcal,,,,1.206 mg,,,,,5.21 g,,,,,,,,,2.987 g,,,0.69 g,,0.3433 g,,2.235 mg,0.52 g,,,0.9967 g,,,,0.38 g,142.4 mg,,2.995 mg,0.19 g,9.625 g,,,,,,,,1.218 mg,,,,,,,,0.6067 g,365.1 mg,49.331 g,423.5 mg,0.78 g,14.5644 g,,,,,,,,,,,6.054 g,,0.78 g,,,,,,,,,,,,,,,0.23 mg,0.4433 g,10.9096 g,69.74 g,,,0.1267 g,0.43 g,0.5967 g,,,,0.6603 mg,,,,1.7 µg,3.145 g,2.76 mg
walnut pieces,2346394,"Nuts, walnuts, English, halves, raw",Foundation,,search,0.59 g,,,,2.02 g,1.641 g,1.293 g,,,88.26 mg,678.66434 kcal,,,,1.206 mg,,,,,5.21 g,,,,,,,,,2.987 g,,,0.69 g,,0.3433 g,,2.235 mg,0.52 g,,,0.9967 g,,,,0.38 g,142.4 mg,,2.995 mg,0.19 g,9.625 g,,,,,,,,1.218 mg,,,,,,,,0.6067 g,365.1 mg,49.331 g,423.5 mg,0.78 g,14.5644 g,,,,,,,,,,,6.054 g,,0.78 g,,,,,,,,,,,,,,,0.23 mg,0.4433 g,10.9096 g,69.74 g,,,0.1267 g,0.43 g,0.5967 g,,,,0.6603 mg,,,,1.7 µg,3.145 g,2.76 mg
chopped pecans,2346395,"Nuts, pecans, halves, raw",Foundation,,search,0.4375 g,,,,1.363 g,1.439 g,0.87 g,,,54.83 mg,699.59644 kcal,,,,0.9065 mg,,,,,5.793 g,,,,,,,,,2.498 g,,,0.4925 g,,0.2625 g,,2.371 mg,0.365 g,,,0.67 g,,,,0.32 g,102.9 mg,,2.28 mg,0.1675 g,39.282 g,,,,,,,,0.9463 mg,,,,,,,,0.4625 g,252.7 mg,22.924 g,360.3 mg,0.61 g,9.9587 g,,,,,,,,,,,6.465 g,,0.54 g,,,,,,,,,,,,,,,0.5476 mg,0.3025 g,12.6993 g,73.28 g,,,0.115 g,0.3125 g,0.435 g,,,,0.1711 mg,,,,4.1 µg,2.623 g,3.93 mg
pecan pieces,2346395,"Nuts, pecans, halves, raw",Foundation,,search,0.4375 g,,,,1.363 g,1.439 g,0.87 g,,,54.83 mg,699.59644 kcal,,,,0.9065 mg,,,,,5.793 g,,,,,,,,,2.498 g,,,0.4925 g,,0.2625 g,,2.371 mg,0.365 g,,,0.67 g,,,,0.32 g,102.9 mg,,2.28 mg,0.1675 g,39.282 g,,,,,,,,0.9463 mg,,,,,,,,0.4625 g,252.7 mg,22.924 g,360.3 mg,0.61 g,9.9587 g,,,,,,,,,,,6.465 g,,0.54 g,,,,,,,,,,,,,,,0.5476 mg,0.3025 g,12.6993 g,73.28 g,,,0.115 g,0.3125 g,0.435 g,,,,0.1711 mg,,,,4.1 µg,2.623 g,3.93 mg
cashew pieces,2515374,"Nuts, cashew nuts, raw",Foundation,,search,,,,,,2.598 g,,,,41.95 mg,533.47799 kcal,,,,2.218 mg,,,,,4.104 g,,,,,,,,,,,,,,,,5.988 mg,,,,,,,,,250.6 mg,,1.949 mg,,,,,,,,,,,,,,,,,,,532.2 mg,,638.3 mg,,17.4423 g,,,,,,,,,,,,20.67 µg,,,,,,,,,,4.759 mg,,,,,,,,36.2887 g,38.86 g,,,,,,,,,,,,,,4.811 g,5.071 mg
whole cashews,2515374,"Nuts, cashew nuts, raw",Foundation,,search,,,,,,2.598 g,,,,41.95 mg,533.47799 kcal,,,,2.218 mg,,,,,4.104 g,,,,,,,,,,,,,,,,5.988 mg,,,,,,,,,250.6 mg,,1.949 mg,,,,,,,,,,,,,,,,,,,532.2 mg,,638.3 mg,,17.4423 g,,,,,,,,,,,,20.67 µg,,,,,,,,,,4.759 mg,,,,,,,,36.2887 g,38.86 g,,,,,,,,,,,,,,4.811 g,5.071 mg
